school,year,type,question,answer
Harvard,2025,Toss Up,"Who, according to Stesichorus, was given a bow by Apollo to fight off his unearthly pursuers, although in a more famous version the deciding vote by Athena acquitted him of murdering Clytemnestra?",Orestes
Harvard,2025,Boni,"According to Euripides, what city was the site of Orestes’s trial, as well as Myscelus’s trial in Ovid?",Argos
Harvard,2025,Boni,"After the trial on the Areopagus, under what name were the furies worshipped in a cave at Athens?",Semnai Theai
Harvard,2025,Toss Up,"Pausanias saw an example of what object hanging by ribbons from a temple roof at Sparta, while another, in an event commemorated by the constellation Pisces, was rolled out of the Euphrates by fish?",Eggs
Harvard,2025,Boni,"The first egg is Helen’s. In some accounts, what deity was her mother after mating with Zeus?",Nemesis
Harvard,2025,Boni,"Aphrodite, the inhabitant of the second egg, was supposedly called what epithet by the Assyrians?",Mylitta
Harvard,2025,Toss Up,"Whose death may have resulted from challenging Artemis to a discus match, an unintentional shot from a distant Artemis, or being Eos’ lover, although most famously a scorpion sent by Gaia killed him?",Orion
Harvard,2025,Boni,"In one account, who tricked Artemis into shooting Orion, fearing that she would marry the hunter?",Apollo
Harvard,2025,Boni,"In some accounts Orion can walk on water, but what other ability may have let him cross the sea?",He was tall
Princeton,2025,Toss Up,"Who spat in his teacher’s mouth to forget the art of prophecy after a snake couple showed how he could be revived, since Polyidus had found him drowned in a honey-jar to the shock of his father Minos?",Glaucus
Princeton,2025,Boni,"What son of Apollo and Evadne, a future great seer, was not killed by honey, but rather saved by it, since snakes fed it to him after he was abandoned on Aepytus’s orders?",Iamus
Princeton,2025,Boni,"Honey was also the diet of a set of three-winged prophetesses mentioned in the Homeric Hymn to Hermes. These are likely to be identified with what group, who practiced divination with pebbles?",Thriae
Princeton,2025,Toss Up,"What sort of object, which Gelonus, unlike one of his brothers, failed to use, was given to Poeas on Mount Oeta, and then to Poeas’s son, shortly after it was used to kill Nessus with Hydra venom?",Bow
Princeton,2025,Boni,Gelonus and Agathyrsus were two of the three children Heracles had with a half-snake woman in a forest. What brother of theirs successfully used Heracles’s bow?,Scythes
Princeton,2025,Boni,Some say Poeas had earlier used a different bow to shoot what man — if he can be called that — in his vulnerable ankle?,Talus
Princeton,2025,Toss Up,"What pair of brothers, who led 30 ships to Troy from Tricca, used herbs from Chiron to take care of Philoctetes and Menelaus, just as their father Asclepius would have?",Machon and Podaleirius
Princeton,2025,Boni,"In what region, where Nestor grew up, were Machaon’s bones buried?",Gerenia
Princeton,2025,Boni,Podaleirius managed to survive the Trojan War and settled down. What mysterious feature did the Delphic Oracle tell him to look for when choosing a place to settle?,A place where the sky would not harm him if it fell
Princeton,2025,Toss Up,"The efforts of her close friend Acca, Diana’s devotee Opis, and her father throwing her across the Amasenus, were all intended to prevent the death of what daughter of Metabus and queen of the Volsci?",Camilla
Princeton,2025,Boni,What Trojan ally dealt the fatal blow to Camilla and was killed himself shortly thereafter by Opis?,Arruns
Princeton,2025,Boni,"As she whirled across the battlefield, Camilla fixated on a potential victim named Chloreus who was distinctive in what way? A general description is acceptable.",Extremely ornate armor
Harvard,2024,Toss Up,"Perhaps born alongside mountain-nymphs and Satyrs as grandsons of Hecaterus, what beings stole Epaphus and were killed by Zeus, though the din of their shields had saved him in infancy?",Curetes
Harvard,2024,Boni,"A different tribe of human Curetes are most known in mythology for their quarrel with what neighboring people, whose kings included Porthaon, Andraemon, and Agrius?",Calydonians
Harvard,2024,Boni,The discovery of what lost prince was perhaps made possible through the divination of the divine Curetes?,Glaucus
Harvard,2024,Toss Up,"What two men hid in an oak tree but were seen all the way from Mount Taygetus via superhuman sight, allowing their cousins to avenge the seizure of Leucippus’s daughters Phoebe and Hilaeira?",Dioscuri
Harvard,2024,Boni,"According to another version, what woman was so distraught at learning that the Dioscuri had killed the sons of Aphareus — one of whom was her husband — that she committed suicide?",Marpessa
Harvard,2024,Boni,"Pausanias points out that, following a genealogy reported by the Cypria, Marpessa’s daughter and granddaughter also committed suicide upon the deaths of their husbands. Name both of these women. One was married to an Aetolian hero, the other to a soldier at Troy.",Cleopatra (Wife of Meleager) and Polydora (Wife of Protesilaus)
Harvard,2024,Toss Up,"What profession was first practiced by the Chalybes, held by a man who rented a lot to the Spartan Lichas, and for nine years was performed for Eurynome’s benefit by the divine father of Ericthonius?",Smithing
Harvard,2024,Boni,"What was the profession of Damarmenus, who returned a sacred body part to the Eleians?",Fisherman
Harvard,2024,Boni,"What was the name of the goatherd who found, then turned away from, a baby with lightning flashing around him?",Aresthanes
Harvard,2024,Toss Up,"In Ovid’s Metamorphoses, what city sees Iris lead its queen to the comet that deifies her, a spear transform into a willow tree, and a snake slither off a ship bringing the cult of Aesculapius?",Rome
Harvard,2024,Boni,The transformation of Romulus’s spear into a willow tree is related after a description of the birth of what Etruscan teacher of divination from a clod of dirt?,Tages
Harvard,2024,Boni,The amazement of Romulus at the willow tree and of an Etruscan herdsman at Tages’s birth is also said to be analogous to what man’s amazement upon seeing his reflection in a nearby river?,Cipus
Yale,2024,Toss Up,"What deity, worshiped above all others in Megalopolis, was denied an Athenian bride because Tereus had made them anti-Thracian, leading him to come to the Ilissus river and snatch Oreithyia away?",Boreas
Yale,2024,Boni,"Pandion had initially sought Tereus’s help in a boundary war with what other ruler, according to Apollodorus?",Labdacus
Yale,2024,Boni,"What Dardanian king owned three thousand horses, which were so splendid that Boreas took the form of a stallion to mate with them?",Erichthonius
Yale,2024,Toss Up,"What name is shared by a vicious son of Ares killed near Itonus by Heracles, a king of Colonae who was invulnerable but was still strangled by Achilles, and a Ligurian king who mourned Phaethon?",Cycnus
Yale,2024,Boni,"Apollo blotted out the first Cycnus’s grave by redirecting what river, the same one which had caused Jason to lose his sandal?",Anaurus
Yale,2024,Boni,The second Cycnus was implicated in the classic mythological trope where his second wife accused his son of rape. Name this second wife.,Philonome
Yale,2024,Toss Up,"Watched in the sky by Arctos, followed threateningly by Scorpio, and accompanied by Canis Major, what constellation exemplifies its namesake’s myths — though not his blinding by Oenopion?",Orion
Yale,2024,Boni,What deity sent a scorpion to kill Orion for his boast that he could hunt every animal?,Gaea
Yale,2024,Boni,"When Orion was blinded, he lifted what man onto his shoulders and ordered him to guide him eastward toward Helios?",Cedalion
Yale,2024,Toss Up,"In the Aeneid, who describes killing Feronia’s son Erylus before showing the sites of the Argiletum, Lupercal and Janiculum to Aeneas and telling the story of how Hercules killed Cacus?",Evander
Yale,2024,Boni,"Evander also claims that he had been sent a crown by what Etruscan king, begging him for military assistance against Mezentius?",Tarchon
Yale,2024,Boni,Evander also describes what horrendous form of torture performed by Mezentius?,Tying corpses to living bodies
Florida,2023,Toss Up,"What demi-god, the son of Saturn and Venilia, was the grandfather of Latinus?",Picus
Florida,2023,Boni,What god was Venilia's father?,Janus
Florida,2023,Boni,What happened to Picus when he rejected the advances of Circe?,She turned him into a woodpecker
Florida,2023,Toss Up,"Amycus, Io, Aegialeus, and Phoroneus were all children of what sort of beings, the sisters of the Erinyes and the Giants?",Meliae
Florida,2023,Boni,"What river god was the father of Aegialeus, Phoroneus, and Io?",Inachus
Florida,2023,Boni,What god was the father of Amycus?,Poseidon/Neptune
Florida,2023,Toss Up,"What name is shared by the first son of Zeus and a mortal woman, the eldest son of Phrixus, and the son of Arestor who killed Echidna?",Argus
Florida,2023,Boni,"What name is shared with the mother of Argus who was the first mortal seduced by Zeus, and the mother of Chloris and Amyclas?",Niobe
Florida,2023,Boni,What daughter of Aeetes was Argus' mother and Phrixus' wife?,Chalciope
Florida,2023,Toss Up,What Greek physician settled in the Carian Cheronese after the Trojan War due to a prophecy by the Delphic Oracle?,Podaleirius
Florida,2023,Boni,What was the prophecy?,Settle where the sky would not harm him if it fell
Florida,2023,Boni,What led Podaleirius to believe that the Cheronese was his prophesied new home?,It was surrounded by high mountains
Harvard,2023,Toss Up,"In the Iliad, elm trees were planted around the burial mound of what king, who ruled a city at the foot of Mt. Placus, and, after being killed alongside his 7 sons, was buried in full armor by Achilles?",Eetion
Harvard,2023,Boni,What was the apt name of Eetion’s city that he ruled?,Hypoplacian Thebes
Harvard,2023,Boni,"During another of Achilles’ excursions, he captures what son of Priam, while he worked in an orchard, and sold him and his brothers Isus and Antiphus for ransom?",Lycaon
Harvard,2023,Toss Up,"What event, where judges wore dark-coloured clothing in mourning, rewarded victors with parsley, and was founded by Adrastus to honor an infant nicknamed Archemorus?",Nemean Games
Harvard,2023,Boni,"Right after these games, the Seven Against Thebes reached Thebes where Tydeus met what man, who was sent alongside Polyphontes and 50 other men to challenge him?",Maeon
Harvard,2023,Boni,"Who was the father of the 4 leading defenders of Thebes, most notably Melanippus, whose brains were eaten?",Astacus
Harvard,2023,Toss Up,"After he dreamt that a woman asked him to give her a home at Anaphe, who threw the Triton-given gift of a clod of earth into the sea, then returned home with the Argonauts he had once saved with a dove?",Euphemus
Harvard,2023,Boni,"Euphemus was originally from what town at the tip of the Peloponnesus, which was celebrated as an entrance to the Underworld?",Taenarum
Harvard,2023,Boni,"What Spartan leader led Euphemus’ descendants to the island Calliste, which he later renamed after himself?",Theras
Nationals,2023,Toss Up,"What sort of ritual caused a feud between Mastusius and Demophon, saved Athens from Eurystheus’ forces with Macaria’s help, and nearly occurred at Aulis to produce winds?",Human sacrifice
Nationals,2023,Boni,What king of Athens sacrificed one of his daughters after an oracle said it was necessary to defeat the forces of Eleusis?,Erectheus
Nationals,2023,Boni,What Locrian man stopped an annual human sacrifice in the town of Temesa by beating a ghostly hero in a boxing-match?,Euthymus
Nationals,2023,Toss Up,"12 days after he was returned to Troy from custody by Eëtion of Imbros, what son of Laothoë was killed by Achilles, who had once seized him in the orchard of his father Priam?",Lycaon
Nationals,2023,Boni,"Laothoë was also said to be the mother of what son of Priam, often called his youngest?",Polydorus
Nationals,2023,Boni,Achilles had captured Lycaon while he was harvesting tree shoots in Priam’s orchard. Name either the type of tree that he was using or what he was making with them.,Fig tree & chariot rims
Nationals,2023,Toss Up,"In the Aeneid, Orodes prophesies the death of what man — the rider of the horse Rhaebus and the ruler of Caere — before he duels Aeneas in the hopes of avenging Lausus’ death?",Mezentius
Nationals,2023,Boni,What king of the Etruscans fought alongside Aeneas out of hatred for Mezentius?,Tarchon
Nationals,2023,Boni,"According to one story, a man named Tarchon uncovered what autochthonous Etruscan prophet while plowing?",Tages
Nationals,2023,Toss Up,"What mountain’s crag of Coddinus was carved with an old image of Cybele by Broteas, whose sister turned to stone on it when she could not stop weeping for her slain children?",Sipylus
Nationals,2023,Boni,Which of Niobe’s children survived the killing of her siblings and was renamed when she became permanently pale with fear during the killing?,Meliboea / Chloris
Nationals,2023,Boni,"According to one story, Zeus threw Mount Sipylus on Tantalus when Tantalus abetted what man’s theft of a guard-dog from Zeus’ shrine on Crete?",Pandareus
Yale,2023,Toss Up,"What island housed a magical garden in which fruit never died, ships that guided themselves without oarsmen, and gold and silver watch-dogs that guarded the palace of Alcinous?",Scheria
Yale,2023,Boni,"Scheria also housed Medea’s cave, which had originally been home to what woman?",Macris
Yale,2023,Boni,"What goddess, who was indirectly referenced by the island’s original name “Drepane”, brought wealth to the island out of fondness for Macris?",Demeter
Yale,2023,Toss Up,"What name in mythology is shared among a king set adrift in a chest that landed at Oenoe, a son of Andraemon who led 40 ships to Troy, and a king who tried to kill Orestes at Tauria?",Thoas
Yale,2023,Boni,What descendant of the Aetolian king Thoas later took over the throne of Elis from Dius and invited Agorius to share power with him?,Oxylus
Yale,2023,Boni,What son did Odysseus bear to an unnamed daughter of Thoas son of Andraemon?,Leontophonus
Yale,2023,Toss Up,"What son of Alxion had one child who pretended to be a woman to reach Daphne and a daughter who murdered her bastard son Chrysippus, both of whom eclipse his deeds as king of Pisa?",Oenomaus
Yale,2023,Boni,Identify one figure who is commonly named as Oenomaus’ mother.,Harpina or Asterope
Yale,2023,Boni,"Pelops was not the first to compete for Hippodameia’s hand, and Pausanias conveniently gives us all the names of her previous suitors, who all lost the chariot race. Name one of them.",ONE OF: MARMAX / ALCATH(O)US / EURYALUS / EURYMACHUS / CROTALUS / ACRIAS / CAPETUS / LYCURGUS / LASIUS / CHALCODON / TRICOLONUS / ARISTOMACHUS / PRIAS / PELAGON / AEOLIUS / CRONIUS / ERYTHRAS / EIONEUS
Yale,2023,Toss Up,"No flute player could enter the sanctuary of what man, who was accused of making advances on his stepmother Philonome and sent by his father Cycnus to an island near Troy that soon took his name?",Tenes
Yale,2023,Boni,"Who was the sister of Tenes that, for some reason, was also shipped along with him?",Hemithea
Yale,2023,Boni,"Who was the flute player that bore false witness to Philonome’s accusations, and was stoned to death by Cycnus?",Eumolpus
Harvard,2022,Toss Up,"In the Iliad, who vowed to sacrifice a hundred lambs before striking a dove to win the archery contest at Patroclus’ funeral games, after which he returned to his homeland Crete alongside Idomeneus?",Meriones
Harvard,2022,Boni,"What item from Eleon did Meriones give to Odysseus, which was originally stolen by Odysseus’ grandfather Autolycus?",Amyntor's helmet
Harvard,2022,Boni,Meriones was responsible for some of the most cruel wounds in the Iliad. Who was the builder of Paris’ ship who was struck in the right buttock?,Phereclus
Harvard,2022,Toss Up,"What island — home to Hyllus’s mother, Melite — served as the refuge of a Euboean woman who had nursed Dionysus and the adopted homeland of natives of Hypereia who were led by Nausithous?","One of SCHERIA / DREPANE / PHAEACIA / CORFU"
Harvard,2022,Boni,Nausithous led the Phaeacians from Hypereia since they were being harassed by what neighbors?,Cyclops
Harvard,2022,Boni,What son of Nausithous died to Apollo on the day of his wedding?,Rhexenor
Harvard,2022,Toss Up,"Who won his kingdom after defeating the invading Idas, was suckled by a doe and named for the animal, and seized the infant Orestes to force the Greeks to heal a wound from Achilles’ spear?",Telephus
Harvard,2022,Boni,"Telephus originally had come to Teuthrania in search of what woman, his mother?",Auge
Harvard,2022,Boni,"What king’s shepherds found the infant Telephus on Mount Parthenius and gave him his name?",Corythus
Harvard,2022,Toss Up,"What deity was supposed to be the heir to Zeus until he was distracted with toys and carried away, afterwhich Athena could only rescue his heart from the Titans who had torn him into pieces?",Zagreus
Harvard,2022,Boni," Who was abandoned by his mother because she feared her father Crotopus, and was eventually shredded to pieces by dogs?",Linus
Harvard,2022,Boni,"In order to overtake Arcadia, Pelops pretended friendship with what king, whom he haddismembered and scattered his limbs across the land?",Stymphalus
Harvard,2025,Toss Up,"What daughters of Achelous may have been attendants of Persephone, resided on the island of Anthemoessa, and forced Odysseus’s men to use wax to not be drowned by their deadly song?",Sirens
Harvard,2025,Boni,Which Argonaut drowned out the sirens with his lyre-playing?,Orpheus
Harvard,2025,Boni,"What Argonaut was nevertheless almost killed, but was saved by Aphrodite and fathered Eryx?",Butes
Harvard,2025,Toss Up,"Four Athenian girls sacrificed themselves to stop what sort of event, which occurred in Troy after Laomedon’s refusal to pay Apollo, and afflicted the Greek camp at Troy after Chryseis’s abduction?",Plague
Harvard,2025,Boni,What Boeotian city suffered a plague due to its former king’s murder?,Thebes
Harvard,2025,Boni,"What family’s invasion of Greece was halted by a plague, leading to the Delphic Oracle prophesying their success in “the third crop”?",Heraclids
Harvard,2025,Toss Up,"What kind of object, a famous one of which was made by Tychius out of seven cowhides, depicted scenes such as a city at peace and at war and the constellations on one made for Achilles by Hephaestus?",Shield
Harvard,2025,Boni,"What Greek at Troy wielded the first shield referenced, and often used it to protect his half-brother as he shot arrows at the Trojans?",Ajax the Greater
Harvard,2025,Boni,"What man’s shield depicted scenes from Roman history such as the battle of Actium?",Aeneas
Harvard,2025,Toss Up,"Balancing water jars was a feature of what sort of event on Aegina, though more famous examples of these contests are the ones won by Odysseus to marry Penelope and Melanion for the hand of Atalanta?",Footrace
Harvard,2025,Boni,"After Odysseus won his footrace, he was exhorted by Icarius to stay in what martial city?",Sparta
Harvard,2025,Boni,"As Icarius pursued the newlyweds, Penelope was told to either stay willingly or return to her father.What action did she take to signal to Icarius that she would be leaving?",Covered her head with a veil
Harvard,2025,Toss Up,"What inanimate objects were a couple who called each other Zeus and Hera, Rhodope and Haemus, turned into, and include Chiron’s home, Pelion, which was stacked by the Aloadae to reach Olympus?",Mountains
Harvard,2025,Boni,"After the great flood, Deucalion’s boat ran aground at what mountain, which was said to be one ofthe favored homes of the Muses?",Parnassus
Harvard,2025,Boni,"The form of a hawk was given to what man after he flung himself from the slopes of Parnassus indespair over his daughter Chione’s death?",Daedalion
Harvard,2025,Toss Up,"What activity was excelled at by figures such as Mecisteus, his son Euryalus, Entellus, Dares, and Eryx,and was used to defeat the Bebrycian king Amycus by Pollux?",Boxing
Harvard,2025,Boni,"What contest at Patroclus’ funeral game was surprisingly won by Meriones, who defeated Teucer?",Archery
Harvard,2025,Boni,What activity did Achilles give Agamemnon the first prize in without holding a contest?,Spear throwing
Harvard,2025,Toss Up,"What sort of animal did Zeus turn into to lie with Persephone and father Zagreus, were Cadmus and Harmonia transformed into at their deaths, and did Heracles strangle as a baby in his crib?",Snake
Harvard,2025,Boni,Other snakes in mythology include what hundred-headed serpent honored by the constellation Draco?,Ladon
Harvard,2025,Boni,What archer was driven into exile due to the foul odor emitted from a wound he received via snakebite?,Philoctetes
Harvard,2025,Toss Up,"What group took shelter at Malea after being driven out of Thessaly in the aftermath of a drunken battle at a wedding, where one of these creatures, Eurytion, attempted to kidnap Hippodameia?",Centaurs
Harvard,2025,Boni,What hero had driven the Centaurs to Mount Pholoe after they had tried to steal his host’s wine?,Heracles
Harvard,2025,Boni,The centaurs may have been invited to Peirithous’ wedding due to their common descent from what man?,Ixion
Harvard,2025,Toss Up,What son of Iphiclus was brought back from the dead to see his lamenting wife Laodameia one last time after his life was cut short by Hector when he landed first among the Greeks at Troy?,Protesilaus
Harvard,2025,Boni,"When he died, what brother of his led the contingent in his place? This brother shares his name with Priam before Priam was ransomed.",Podarces
Harvard,2025,Boni,"Protesilaus and Podarces’s father Iphiclus had actually been cured of impotence by what seer, who saved his own life by overhearing some woodworms",Melampus
Harvard,2025,Toss Up,"What god, who punished the nymph Telphusa for tricking him, joined Hermes in raping Chione and killed the Cyclopes out of anger to avenge his son Asclepius, the healing god?",Apollo
Harvard,2025,Boni,Why had Apollo killed the Cyclopes specifically to avenge his son Asclepius?,Made Zeus' thunderbolts
Harvard,2025,Boni,Why had Zeus killed Asclepius in the first place?,He tried raising the dead
Harvard,2025,Toss Up,"Who was wounded by Euphorbus after Apollo struck the helmet from his head, before being killed by Hector, a sad end to a warrior who had earlier killed Sarpedon and borrowed his lover Achilles’ armor?",Patroclus
Harvard,2025,Boni,What action had Partroclus been prevented from performing thrice by Apollo?,Climbing walls of Troy
Harvard,2025,Boni,"The philosopher Pythagoras claimed to be Euphorbus’ reincarnation, and could remember his past lives due to also being what Argonaut, a son of Hermes?",Aethalides
Harvard,2025,Toss Up,"What profession was shared by Damarmenus, who found Pelops’s shoulder bone; a man who ate an herb and became a god named Glaucus; and Dictys, who took care of Perseus after catching him in his net?",Fisherman
Harvard,2025,Boni,"Pelops’ shoulder bone was lost while returning from what place, where it was prophesied to help win a war?",Troy
Harvard,2025,Boni,What son of Priam had made this prophecy after the Greeks captured him?,Helenus
Princeton,2025,Toss Up,"What port city, where an omen involving eight chicks and their mother was interpreted by Calchas, saw it falsely claimed that Achilles was to marry there when still winds forced the sacrifice of Iphigenia?",Aulis
Princeton,2025,Boni,"In many versions, Iphigenia did not die, but was snatched away and carried off to what people?",Taurians
Princeton,2025,Boni,"Some say that Iphigenia was not a biological child of Agamemnon and Clytemnestra, but was instead a daughter of Helen and what man, who had taken her to Aphidnae in Attica?",Theseus
Princeton,2025,Toss Up,Who sacrificed to Onca but was soon forced to serve a “great year” under Ares for killing a dragon whose teeth created the Spartoi that would populate his new city of Thebes?,Cadmus
Princeton,2025,Boni,"The Phoenician goddess Onca is commonly identified with what other deity, who directed Cadmus to draw the dragon’s teeth and sow half of them?",Athena
Princeton,2025,Boni,The other half of the dragon’s teeth were given by Athena to what king?,Aeetes
Princeton,2025,Toss Up,"In Book 11 of the Metamorphoses, what unfortunate woman sees Morpheus in a dream, where she learns of her husband’s death by shipwreck shortly before their transformation into kingfishers?",Alcyone
Princeton,2025,Boni,"According to Ovid, Alcyone — like Sisyphus — is the offspring of what god, a son of Hippotas whom Ovid conflates with a son of Hellen with two Ls?",Aeolus
Princeton,2025,Boni,An old man’s observation of kingfishers serves as the segue into the story of what son of Priam who was transformed into a diver-bird?,Aesacus
Princeton,2025,Toss Up,"Pushed off the cliffs of Scyros by Lycomedes, what man faced Amazons on the Areopagus, tried to kidnap Persephone along with Pirithous, and defeated brigands on his way from Troezen to Athens?",Theseus
Princeton,2025,Boni,Who was responsible for Theseus almost drinking aconite until Aegeus recognized him?,Medea
Princeton,2025,Boni,"What demagogue stirred up resentment against Theseus and replaced him while he was in the Underworld trying to kidnap Persephone, causing him to make that journey to Scyros?",Menestheus
Princeton,2025,Toss Up,"What two men, one a son of Hippolochus and the other a son of Tydeus, met in battle at Troy and, after learning that their grandfathers were friends, exchanged armor?",Glaucus and Diomedes
Princeton,2025,Boni,"Respectively, who were the grandfathers of Diomedes and Glaucus that knew each other?",Oeneus and Bellerophon
Princeton,2025,Boni,Diomedes had initially asked Glaucus who he was to avoid accidentally provoking a god; he cites the story of what foolish king who pursued Dionysus’s nurses with ox-goads?,Lycurgus
Princeton,2025,Toss Up,"Odysseus received a silver mixing bowl, 7 talents of gold, and 12 jars of strong red wine from what priest of Apollo at Ismarus — a gift that came in useful when he confronted Polyphemus?",Maron
Princeton,2025,Boni,"Ismarus is part of what larger region of Greece, which also housed the mares of Diomedes and Pierus’s son Oeagrus?",Thrace
Princeton,2025,Boni,"Polyphemus had been warned of Odysseus by what seer, a son of Eurymus?",Telemus
Princeton,2025,Toss Up,"Identify and correct the error here: After Zeus prolonged the night to sleep with Alcmene in disguise as Amphitryon, Heracles was born alongside Iolaus, whom he saved by strangling twin serpents as a baby.",Iolaus should be Iphicles
Princeton,2025,Boni,"Now identify and correct the error here: During events related to the Trojan War, Aeneas was chased down from Mount Eryx by Achilles, had his hip crushed by a rock thrown by Diomedes, and was saved by Poseidon.",Eryx should be Ida
Princeton,2025,Boni,"Now identify and correct the error here: Telethusa wanted to save her daughter Cleopatra from her husband Ligdus killing her, so she prayed to Isis to transform her into a boy.",Cleopatra should be Iphis
Princeton,2025,Toss Up,"What woman gave the name byrsa to her city’s citadel after she bought the land from Iarbas, whom she refused to marry out of grief for Sychaeus even as she was inflamed with love for Aeneas?",Dido
Princeton,2025,Boni,"After Dido committed suicide, who was sent to free Dido’s soul from her body, which she did by cutting a lock of Dido’s golden hair?",Iris
Princeton,2025,Boni,"According to the Aeneid, Dido’s father had what name, though he is seemingly not the same person as the son of Poseidon and Libya and twin brother of Agenor?",Belus
Princeton,2025,Toss Up,"What sort of animal, into which Polydorus’s mother was transformed after avenging him, was exemplified in myth by Maera, Laelaps, Argus on Ithaca, and Cerberus?",Dog
Princeton,2025,Boni,What man received from his wife both Laelaps and a javelin that could never fail? He used Laelaps to hunt the Teumessian Vixen but the javelin to accidentally kill his wife.,Cephalus
Princeton,2025,Boni,"Maera was owned by what father-daughter pair, one of whom tried to teach the Athenians about wine?",Icarius and Erigone
Princeton,2025,Toss Up,"What man slaughtered the Greek flocks in a bout of madness, then committed suicide near Troy after being denied the arms of Achilles, meaning he could not return home to Salamis?",Ajax the Greater
Princeton,2025,Boni,"According to Ovid, Ajax’s name was alluded to by the letters “AI AI” which appeared on what flower, which blossomed out of his blood following his suicide?",Hyacinth
Princeton,2025,Boni,"Ajax’s name is also said to refer to what animal, which appeared to his father Telamon as an indication that he would be a great warrior?",Eagle
Princeton,2025,Toss Up,"The Cians annually wandered their land crying the name of what boy, who was taken in Mysia by the nymph of the spring Pegae while Heracles was fixing his oar to rejoin the Argonauts?",Hylas
Princeton,2025,Boni,What fellow Argonaut helped Heracles look for Hylas? He shares his name with a figure who tried to woo Galatea with his pipe-playing and killed her lover Acis.,Polyphemus
Princeton,2025,Boni,The Argonauts actually left Heracles behind at the insistence of what two men?,Zeetes and Calais
Harvard,2024,Toss Up,"What deity came to the Ilissus river to abduct the dancing girl Oreithyia, then fathered Phineus’s saviors — the Argonauts Zetes and Calais, whose graves swayed when his North wind blew on them?",Boreas
Harvard,2024,Boni,"What sister of Oreithyia and daughter of Erechtheus fled to Crete at one point during her life, where Minos gave her the hunting dog Laelaps?",Procis
Harvard,2024,Boni,Boreas and Oreithyia were also the parents of what wife of Phineus?,Cleopatra
Harvard,2024,Toss Up,"What woman, spotted hiding near Vesta’s temple in a possibly spurious passage of the Aeneid, married Deiphobus and imitated the voices of Greeks’ wives before being reunited with Menelaus?",Helen
Harvard,2024,Boni,"After Paris died, Deiphobus competed with what prophet brother of his for Helen’s hand?",Helenus
Harvard,2024,Boni,"Helen may have been the mother of Iphigeneia by what man, who kidnapped her as a child?",Theseus
Harvard,2024,Toss Up,"What mythological group, which Apollo made drunk to help his friend, convinced Typhon to eat weakening fruit, told Althaea about a magical log, and included Clotho and Atropos?",The Fates
Harvard,2024,Boni,"Who was Apollo’s friend, a king of Pherae who also hosted Heracles and called on the god’s assistance in yoking a lion and boar to his chariot?",Admetus
Harvard,2024,Boni,Name one of the two Giants that the Fates killed in battle.,Agrius and Thoas
Harvard,2024,Toss Up,"What kind of animal, born from Theophane, appeared at Orchomenus to foil Ino’s plans when Nephele called it to carry her children Phrixus and Helle to Colchis, where its fleece was hung up?",Orchomenus
Harvard,2024,Boni,"What Greek god created the constellation Aries after a ram led him to water in the Libyan desert, shortly before he went on a longer expedition that took him to the Ganges river?",Dionysus
Harvard,2024,Boni,"In addition to immortalizing the constellation, to what ram-headed Libyan god, identified with Zeus and said by Vergil to be the father of Iarbas, did Dionysus establish a shrine?",Zeus Hammon
Harvard,2024,Toss Up,"Ultimately dying at the spring Telphusa, what man advised Liriope when she asked about Narcissus, then gave prophecies to Cadmus, Oedipus, and other Thebans despite his blindness?",Tiresias
Harvard,2024,Boni,"Tiresias died after Thebes was sacked by what group, whose name means “Offspring,” since they finished the job started by their parents?",Epigoni
Harvard,2024,Boni,"Who was Tiresias’s mother, a favorite companion of Athena who was present when Tiresias saw the goddess naked?",Chariclo
Harvard,2024,Toss Up,"What king married a daughter of Catreus named Aerope, whose actions eventually led him to feed his nephews to his brother Thyestes and send the young Agamemnon and Menelaus away for safety?",Atreus
Harvard,2024,Boni,"During their contest for the rule of Mycenae, Thyestes offered that the throne should go to the one who could produce what object, knowing that Aerope had secretly given it to him",Golden Fleece
Harvard,2024,Boni,What other son of Pelops and Hippodameia founded a city in honor of his eponymous brother and had his daughter briefly courted by Bellerophon?,Pittheus
Harvard,2024,Toss Up,"What sort of animal appeared to Telamon outside Troy, stole Aphrodite’s sandal, caused Hebe to be replaced by carrying Ganymede to Olympus, and pecked at the liver of Prometheus every day?",Eagle
Harvard,2024,Boni,Heracles freed Prometheus from the eagle shortly after leading a search for what man alongside the Lapith Polyphemus?,Hylas
Harvard,2024,Boni,Heracles freed Prometheus from the eagle shortly after leading a search for what man alongside the Lapith Polyphemus?,Hermes
Harvard,2024,Toss Up,"Betrothed to one of Ascanius’s victims, Numanus Remulus, what woman tricks Tolumnius into restarting battle and takes the form of Metiscus in order to help her Rutulian brother Turnus?",Juturna
Harvard,2024,Boni,What deity awarded Juturna with immortality and the control of springs and waters after raping her?,Jupiter
Harvard,2024,Boni,Juturna’s name may be a compound of Turnus and a root shared with what Latin verb?,Iuvo
Harvard,2024,Toss Up,"After sacking Teleutas’s city, what Greek warrior took Tecmessa as his concubine, then left her grieving when he committed suicide on Hector’s sword over not winning the arms of Achilles?",Ajax the Greater
Harvard,2024,Boni,"Although Ajax came from the island of Salamis, his brother Teucer founded a city called Salamis on what other island, the home of Paphos and Pygmalion?",Cyprus
Harvard,2024,Boni,"Name the son that Tecmessa bore to Ajax, whom Ajax named after his famous broad shield.",Eurysaces
Harvard,2024,Toss Up,"Sailing in Noëmon’s ship, what man transported the seer Theoclymenus with him after Athena — who often appeared disguised as Mentor — told him to return from Pylos and go back to Penelope?",Telemachus
Harvard,2024,Boni,What son of Nestor accompanied Telemachus for much of his journey?,Pesistratus
Harvard,2024,Boni,"During his journey, Telemachus learns that what woman was taught magic by Polydamna?",Helen
Harvard,2024,Toss Up,"What hero competed in games hosted by Teutamides shortly before making an agreement with Proetus’ son Megapenthes to trade kingdoms, since he was ashamed to inherit Argos by killing Acrisius?",Perseus
Harvard,2024,Boni,"What other important city did Perseus found, employing the Cyclopes to build walls for him just as they had done for Tiryns?",Mycenae
Harvard,2024,Boni,"Acrisius and Proetus were known for feuding in the womb, but who was the father of these troublesome tykes?",Abas
Harvard,2024,Toss Up,"In the Iliad, what deity takes the form of a chalcis bird shortly after winning Pasithea as a bride, works with Thanatos to carry off the corpse of Sarpedon, and puts both gods and men to sleep?",Hypnos
Harvard,2024,Boni,Hypnos’s bride Pasithea was the youngest of what group of mythological sisters?,Graces
Harvard,2024,Boni,"On what island, the home of the Sintians, did Hera convince Hypnos to lull Zeus to sleep?",Lemnos
Yale,2024,Toss Up,"Though he became a lion, snake, and tree, what deity’s daughter Eidothea explained in Book 4 of the Odyssey how Menelaus could restrain him when he emerged from the sea?",Proteus
Yale,2024,Boni,What man similarly captured Nereus to get important information shortly before tricking Atlas?,Heracles
Yale,2024,Boni,Who was similarly taught how to capture Proteus by his mother Cyrene?,Aristaeus
Yale,2024,Toss Up,"Criticizing the treatment of Palamedes and feigning anger at Ulysses’s cruelty, who deceptively earned the trust of Priam and persuaded him to accept a wooden horse with the city walls?",Sinon
Yale,2024,Boni,Sinon’s story was believable partly because Ulysses did actually have a grudge against Palamedes in mythology. What had Palamedes done to provoke this anger?,"Palamedes put baby Telemachus in front of a ""crazed"" Odysseus' plough to prove Odysseus was sane"
Yale,2024,Boni,"What son of Thestor, who had predicted from seeing a snake and some sparrows that the Trojan War would last ten years, supposedly helped Ulysses try to kill Sinon?",Calchas
Yale,2024,Toss Up,"What sort of animal, whose blood killed Aeson and whose scary emergence from the sea near Athens killed Hippolytus, was built out of wood by Daedalus to help Pasiphae fulfill her love?",Bull
Yale,2024,Boni,What son of Minos was killed by a bull?,Androgeus
Yale,2024,Boni,What Theban woman gave her name to a spring near Thebes after being dragged along by a bull?,Dirce
Yale,2024,Toss Up,"What mythological man, falsely blamed for a crop failure, married Chalciope after fleeing Orchomenus — where he had nearly been sacrificed by his stepmother Ino — and losing his sister Helle?",Polydorus
Yale,2024,Boni,"The golden ram that saved Phrixus was later immortalized as the constellation Aries. What animal, into which Acoetes’s fellow sailors were transformed, was similarly immortalized as a constellation for saving the poet Arion?",Dolphin
Yale,2024,Boni,What man living near Athens was placed into the stars as the constellation Boötes after he learned how to grow wine from Dionysus and was killed by fellow farmers?,Icarius
Yale,2024,Toss Up,"Delphyne helped what being, who was tricked into eating mortal food after Hermes and Aegipan retook Zeus’s sinews, allowing him to be buried under Mount Etna and ending Zeus’s greatest threat?",Typhon
Yale,2024,Boni,Aegipan also suggested to the gods that they change their shape and hide in what region?,Egypt
Yale,2024,Boni,"According to the Homeric Hymn to Apollo, Hera gave birth to Typhaon parthenogenetically — that is, without a father — for what specific reason?",Zeus gave birth to Athena without her
Yale,2024,Toss Up,"Who told Adonis’s story in Book 10 of the Metamorphoses before his head was sent down the Hebrus river by murderous Thracian Maenads along with his lyre, while his shade found Eurydice again?",Orpheus
Yale,2024,Boni,Orpheus was also said by the Greeks to have written real poems advocating for a theology called “Orphism.” A major feature of these poems is that a being named Zagreus was resurrected as what god?,Dionysus
Yale,2024,Boni,"Just as Orpheus supposedly wrote real poems, what wise king of Troezen, the father of Aethra, was said to have written a treatise on rhetoric?",Pittheus
Yale,2024,Toss Up,"What occupation was held by Copreus for Eurystheus, Aethalides for the Argonauts, Lichas for Deianeira, Talthybius for Agamemnon, and Hermes for the Olympians?",Herald
Yale,2024,Boni,"Perhaps Tiresias’s last piece of advice to the Thebans was to send a herald to surrender to what group, which included Alcmaeon and Thersander and had seen only one casualty in their expedition?",Epigoni
Yale,2024,Boni,"What obscure herald referred to by Homer could shout as loud as fifty other men, giving his name to an English adjective for a loud and powerful voice?",Stentor
Yale,2024,Toss Up,"Aesacus interpreted the dream of what woman, who escaped being taken as Odysseus’s slave when she blinded Polymestor and turned into a dog, and was the mother of Deiphobus, Cassandra, and Paris?",Hecuba
Yale,2024,Boni,Polymestor provoked Hecuba’s wrath after he killed what son of Priam and Hecuba?,Polydorus
Yale,2024,Boni,"In Aeneid 2, which of Priam and Hecuba’s children is killed by Neoptolemus right before he kills Priam?",Polites
Yale,2024,Toss Up,"What city’s royal family included immigrants from Samothrace or Crete, Eos’s lover Tithonus, and a boy taken up by Zeus’s eagle to replace Hebe — Ganymede, possibly a son of Laomedon?",Troy
Yale,2024,Boni,"In a Homeric Hymn, what goddess tells the stories of both Ganymede and Tithonus before warning her Trojan lover not to brag about sleeping with her?",Aphrodite
Yale,2024,Boni,"What Samothracian woman, one of the Pleiades, bore Iasion and Dardanus — one of the immigrants to Troy — after trying and failing to cling to the Palladium for refuge from Zeus?",Electra
Yale,2024,Toss Up,"Sometimes called daughters of Melpomene, what group almost killed Butes as the Argonauts passed Anthemoessa and were escaped through well-tied ropes and beeswax by Odysseus and his crew?",Sirens
Yale,2024,Boni,"The Sirens’ descent from a Muse explains their singing; their position by the water is explained by having what father, a river-god whose horn was torn off during a wrestling match?",Achelous
Yale,2024,Boni,"One odd tradition says that the Muses were first worshiped on Mount Helicon by what pair of brothers, whose evil deeds were revealed by their stepmother Eriboea?",Otus and Ephialtes
Yale,2024,Toss Up,"In the Metamorphoses, what sort of transformation was granted to Ianthe’s lover by Isis, to a Lapith raped near the sea by Poseidon named Caenis, and twice to the prophet Tiresias?",Changing Gender
Yale,2024,Boni,"In Book 4 of the Metamorphoses, one of the daughters of what man almost describes a man named Sithon who could change gender, before choosing to tell Hermaphroditus’s story instead?",Minyas
Yale,2024,Boni,"In Book 15 of the Metamorphoses, whose speech references hyenas’ ability to change gender?",Pythagoras
Yale,2024,Toss Up,"In Thoas’s barbarous lands, who became priestess of Artemis, the deity who had saved her when she was told she would marry Achilles at Aulis but was actually almost killed by Agamemnon?",Iphigenia
Yale,2024,Boni,"What people inhabited Thoas’s kingdom, giving their name to a tragedy of Euripides that dramatizes this story?",Taurians
Yale,2024,Boni,"As priestess of Artemis among the Taurians, Iphigenia was forced to help kill every stranger. This continued until she almost killed what man, but recognized him in the nick of time?",Orestes
Florida,2023,Toss Up,"What type of animal did Apollo change into to lead Cretan sailors to found Delphi, rescued Arion from sailors trying to ransom him, convinced Amphitrite to marry Poseidon, and were the animals which Dionysus transformed Tyrrhenian pirates into?",Dolphin
Florida,2023,Boni,"What Titan, the father of the Hyades, was Amphitrite hiding with when Delphinus found her?",Atlas
Florida,2023,Boni,"The only member of the Tyrrhenian pirates not turned into a dolphin by Dionysus was Acoetes, who instead became a follower of the god. What Theban king later imprisoned Acoetes unsuccessfully?",Pentheus
Florida,2023,Toss Up,What Lycian king's body was carried away by Thanatos and Hypnos after he was killed by Patroclus in the Trojan War?,Sarpedon
Florida,2023,Boni,What did Zeus cause to happen at Sarpedon's death in honor of his slain son?,Blood Rain
Florida,2023,Boni,Zeus had tried to save Sarpedon from death but was rebuked by what goddess?,Hera
Florida,2023,Toss Up,"Who, according to Homer, was killed by Zeus after he lay with Demeter in a thrice plowed field at the wedding of Cadmus and Harmonia?",Iasion
Florida,2023,Boni,"Who, according to Homer, was killed by Zeus after he lay with Demeter in a thrice plowed field at the wedding of Cadmus and Harmonia?",Plutus
Florida,2023,Boni,"Demeter and Iasion's other son, Philomelus, was made the constellation Bootes for what invention?",Wagon
Florida,2023,Toss Up,"What king of Corinth was punished in the Underworld for telling the river god Aesopus that Zeus had carried of Aesopus' daughter, Aegina?",Sisyphus
Florida,2023,Boni,Which of the four major panhellenic games was supposedly founded by Sisyphus?,Isthmian Games
Florida,2023,Boni,In honor of which child of Ino and Athamas did Sisyphus institute the Isthmian Games?,Melicertes
Florida,2023,Toss Up,"Thrace, Delos, the Strophades, Buthrotum, and Carthage were all stopping points for what Trojan hero before finally stopping in Latium?",Aeneas
Florida,2023,Boni,"According to Celaeno, how would the Trojans know they reached home?",The Trojans would be so hungry that they'll eat their tables
Florida,2023,Boni,"At Delos, the Trojans spent time with King Anius. What special abilities had led Anius' daughters to be kidnapped by the Greeks at the start of the Trojan War?","They could produce wine, oil, and grain"
Florida,2023,Toss Up,"Who killed her uncle Perses and placed either her son, Medus, or her father, Aeetes, on the throne of Colchis?",Medea
Florida,2023,Boni,After Medea died she married what hero in the Islands of the Blessed?,Achilles
Florida,2023,Boni,"When Medea tricked the daughters of Pelias into killing their father, who was the only one of them who refused to chop up their father to rejuvenate him?",Alcestis
Florida,2023,Toss Up,"What king was the only person who knew the location of Oedipus' tomb, due to the fact that he offered protection to Oedipus when he exiled himself from Thebes?",Theseus
Florida,2023,Boni,"Who, the king of Thebes between Laius and Oedipus, tried to kidnap Oedipus so he could die at Thebes and thus offer the city his protection?",Creon
Florida,2023,Boni,"What name was shared by two of Creon's sons, one of whom was killed by the Sphinx, and the other of whom was engaged to Antigone?",Haemon
Florida,2023,Toss Up,What queen of Lydia bore Lamus to Heracles after he had served as her slave for three years?,Omphale
Florida,2023,Boni,"Who was Omphale's first husband, whom she gained her kingdom from, who also acted as the judge for Pan and Apollo's music contest?",Tmolus
Florida,2023,Boni,Heracles sold himself into slavery in order to atone for the murder of what son Eurytus?,Iphitus
Florida,2023,Toss Up,"Staphylus, Ceramus, Thoas, and Oenopion were all children of what Cretan princess and the god Dionysus?",Ariadne
Florida,2023,Boni,Oenopion blinded what giant for insulting his daughter?,Orion
Florida,2023,Boni,"What was the name of Oenopion's daughter, who was engaged to Orion?",Merope
Harvard,2023,Toss Up,"Who recounted how he hid among seals with his men to capture Proteus, the sea god who told him about the fates of the other Greek leaders and how he could safely return to Sparta?",Menelaus
Harvard,2023,Boni,What daughter of Proteus helped Menelaus capture him?,Eidothea
Harvard,2023,Boni,"Proteus lived on Pharos, an island off the coast of what modern day country?",Egypt
Harvard,2023,Toss Up,"What city, whose rivers Asterion, Cephissus, and Inachus were periodically dry for not choosing Poseidon over Hera as the patron, sent champions against Thebes and had kings including Perseus?",Argos
Harvard,2023,Boni,What famous Argive city did Perseus found after trading Argos for Tiryns?,Mycenae
Harvard,2023,Boni,"What descendant of Io, fleeing his brother, came from Egypt to claim his right to the Argive throne?",Danaus
Harvard,2023,Toss Up,"Either by pretending to be a priestess of Hyperborean Artemis, or by rejuvenating her father-in-law Aeson, what woman’s trickery caused Pelias to die and Jason to become king of Iolcus?",Medea
Harvard,2023,Boni,"In some sources, Aeson is forced to kill himself by drinking the poisonous blood of what animal?",Bull
Harvard,2023,Boni,"Medea, out of jealousy, murdered what daughter of Creon after Jason said he would marry her?",Glauce / Creusa
Harvard,2023,Toss Up,"In Ovid’s Metamorphoses, the story of what river-goddess is told within the tale of Persephone, since she saw the Underworld during her flight from Greece to Sicily to escape the clutches of Alpheus?",Arethusa
Harvard,2023,Boni,"Arethusa’s story in the Metamorphoses is the culmination of a large series of nested narratives, since the story of Persephone is in turn narrated by the Muses during their contest with what mortals?",Pierides
Harvard,2023,Boni,"Continuing this story-ception, the contest with the Pierides is narrated to Minerva by one of the Muses shortly after escaping the clutches of what evil Thracian king, who tried to rape them?",Pyrenus
Harvard,2023,Toss Up,"What woman remained with her father until he passed at Colonus, before returning to her home where she tried to bury her cursed brother Polynices in defiance of the decree of Creon?",Antigone
Harvard,2023,Boni,"What fiancé of Antigone, a son of Creon, committed suicide upon learning of her death?",Haemon
Harvard,2023,Boni,"Colonus was a suburb of what city, whose king secured the burial of the Seven Against Thebes?",Athens
Harvard,2023,Toss Up,"Nereus alone knew how to find what wedding gift of Gaea, a place defended by the serpent Ladon, tended to by a few sisters, and breached by either Atlas or Heracles during a labor?",Garden of Hesperides
Harvard,2023,Boni,"Sometimes the location of the Hesperides was near what tribe that lived in the far, far north?",Hyperboreans
Harvard,2023,Boni,"On his way to the Hesperides, Heracles had killed what king of Egypt who tried sacrificing him, alongside other strangers, to Zeus?",Busiris
Harvard,2023,Toss Up,"Exiled for killing his half-brother Phocus, who went to Phthia, where he became king, welcomed men like Phoenix and Patroclus, and let them accompany his son by Thetis, Achilles?",Peleus
Harvard,2023,Boni,"After moving to Phthia, Peleus had to get purified again for killing his father-in-law, and sought out what king of Iolcus, who had previously been an Argonaut alongside Peleus in defiance of his father?",Acastus
Harvard,2023,Boni,Give the reasons for why either Phoenix or Patroclus came to Phthia,Phoenix slept with his dad's concubine OR Patroclus killed Clitonymus
Harvard,2023,Toss Up,Hecate’s appearance on earth was often accompanied by what animals — which the queen Hecuba transformed into — though the most famous examples of these beasts were Orthrus and Cerberus?,Dog / Hellhound
Harvard,2023,Boni,The expression “a sop for Cerberus” stems from a scene in the Aeneid where what mythological figure throws a honey-cake to the guard dog?,Cumaen Sybil
Harvard,2023,Boni,Hecuba’s transformation into a fiery-eyed dog happened because she murdered what king of the Thracian Chersonese for revenge?,Polymestor
Harvard,2023,Toss Up,"In the Aeneid, who prays to a tearful Hercules before hurling his spear at Turnus, unaware that he would shortly be killed and stripped of his sword-belt far from his father Evander?",Pallas
Harvard,2023,Boni,What crime decorated Pallas’s sword-belt?,The Danaids killing their husbands
Harvard,2023,Boni,Pallas had originally planned to fight what son of Mezentius?,Lausus
Harvard,2023,Toss Up,"Who punished Glaucus the horsekeeper by having his mares devour him, Tyndareus for neglecting her rites, Helios for revealing her affair, and Anchises for boasting of her love for him?",Aphrodite
Harvard,2023,Boni,Glaucus was the father by Eurynome of what mythological hero?,Bellerophon
Harvard,2023,Boni,"Whom did Aphrodite cause Helios to fall in love with as punishment, though her father Orchamus did not allow the union?",Leucothoe
Harvard,2023,Toss Up,"Because her son looked too much like his Thracian father, what Athenian princess murdered her son Itys before serving him to Tereus to get revenge for her sister Philomela?",Procne
Harvard,2023,Boni,"Give the corresponding birds that Tereus, Philomela, and Procne were all turned into","Hoopoe, (Swallow & Nightingale can be swapped)"
Harvard,2023,Boni,Pandion had married Tereus to Procne for helping him in a war against what city led by Labdacus?,Labdacus
Harvard,2023,Toss Up,"What king, who lived with his 6 sons and 6 daughters that were married to one another, refused to help Odysseus when he returned 10 days later after his crew had opened the bag of winds?",Aeolus
Harvard,2023,Boni,"In the Aeneid, what goddess commands Aeolus to try sinking Aeneas’ ships with his winds?",Juno
Harvard,2023,Boni,"According to some sources, what son of Aeolus proposed to him the idea of having his sons marry his daughters, since he had already committed incest with his sister Canace?",Macar(eus)
Nationals,2023,Toss Up,"What group, while they were on an island called “Bear Mountain,” found six-armed earthborn monsters, met the king Cyzicus, heeded Mopsus’ prophecies, and obeyed Jason’s orders?",Argonauts
Nationals,2023,Boni,"What actual mountain, sacred to the goddess Cybele, stood on the island “Bear Mountain” and was the site of propitiatory sacrifices by the Argonauts?",Mount Dindymus
Nationals,2023,Boni,"To learn that the Argonauts needed to propitiate Cybele, the seer Mopsus interpreted the cries of what bird, into which Ceÿx was transformed in another story?",Kingfisher / Halycon
Nationals,2023,Toss Up,What man vainly searched shrubs and wild asparagus for Perigune after killing her father in the same way the father had killed travelers on Corinth’s isthmus — by bending pines?,Theseus
Nationals,2023,Boni,"That father, Sinis, was also known by what name meaning “pine-bender”?",Pityocamptes
Nationals,2023,Boni,"Name Theseus’ and Perigune’s son, who ran the foot-race at the second Nemean Games",Melanippus
Nationals,2023,Toss Up,"What Greek god’s many children included Phlegyas, the Bistonian king Diomedes, Penthesilea, and Phobos and Deimos, whom he fathered in his affair with Aphrodite?",Ares
Nationals,2023,Boni,"Phlegyas was himself the father of Coronis, who bore what child to Apollo?",Asclepius
Nationals,2023,Boni,"According to one story, Phlegyas was killed by what two sons of Chthonius?",Lycus and Nycteus
Nationals,2023,Toss Up,"Into what type of animal, which a man rides in a statue built at Taenarum to honor Arion, were the Tyrrhenian pirates who kidnapped Dionysus transformed?",Dolphin
Nationals,2023,Boni,Name the helmsman of the Tyrrhenian pirate ship who tried to defend the god and was thus spared the fate of his crewmates.,Acoetes
Nationals,2023,Boni,"After Arion landed at Taenarum, he traveled to Corinth. What tyrant received him there?",Periander
Nationals,2023,Toss Up,What prophetic man was struck blind for the crime of accidentally stumbling upon the goddess Athena as she bathed?,Teiresias
Nationals,2023,Boni,"Identify the man looking into the water in this image, whom Teiresias predicted would live a long life if he avoided self-knowledge.",Narcissus
Nationals,2023,Boni,"Identify the woman in the background of this image, who can only look on helplessly as Narcissus falls in love with himself.",Echo
Nationals,2023,Toss Up,"What woman learned that she should avoid the Arimaspians and follow an Ethiopian river from the chained Prometheus, who says that she will reach the Nile to transform back from being a cow?",Io
Nationals,2023,Boni,"Upon arriving at the banks of the Nile, Io gave birth to what son?",Epaphus
Nationals,2023,Boni,"According to one story, Epaphus founded what Egyptian city and named it after his wife?",Memphis
Nationals,2023,Toss Up,"What city’s “fifty bedchambers” are despoiled by Polites’ bloody death at the hands of Pyrrhus, as well as the abduction of Cassandra and the merciless killing of Priam?",Troy
Nationals,2023,Boni,"In the Aeneid, the story told by what man convinced the Trojans to bring the Trojan Horse into the city?",Sinon
Nationals,2023,Boni,"In the Aeneid, Sinon deceitfully says that he turned against the Greeks because of the fate suffered by what comrade of his?",Palamedes
Nationals,2023,Toss Up,"Among what group did a son of Eurymus named Telemus act as a prophet, including predicting that Odysseus would come and poke out the single eye of Polyphemus?",Cyclopes
Nationals,2023,Boni,Odysseus’ men visited the land of the Cyclopes immediately after leaving what people?,Lotus Eaters
Nationals,2023,Boni,What woman was the mother of Polyphemus?,Thoosa
Nationals,2023,Toss Up,"What sort of event, from which the voices of cranes helped Megarus flee, caused an oracle of Themis to say “throw your mother’s bones over your shoulder” to Deucalion and Pyrrha?",Flood
Nationals,2023,Boni,On what mountain did Deucalion and Pyrrha land after their long voyage?,Parnassus
Nationals,2023,Boni,"What creatures, who invented the making of statues of the gods, fled to Asia after divining the coming of this flood?",Telchines
Nationals,2023,Toss Up,"What man was inspired by the teeth in a snake’s jawbone to create the saw, causing him to be flung off the Acropolis and turned to a partridge when his uncle Daedalus got jealous?",Perdix
Nationals,2023,Boni,"What was the name of Daedalus’ sister, the mother of this young inventor?",Perdix
Nationals,2023,Boni,Name either of the other two inventions with which this young inventor was sometimes credited.,Compass & Potter's Wheel
Nationals,2023,Toss Up,What mythological location do characters leave through a gate of ivory after a parade of heroes is shown by the Sibyl and the deceased Anchises to Aeneas?,The Underworld
Nationals,2023,Boni,"In the Aeneid, Aeneas reaches the Underworld by entering a cave near what lake?",Lake Avernus
Nationals,2023,Boni,"In the Underworld, Aeneas sees what person, “now a woman, once a young man, returned by her fate to her own form again”?",Caenis / Caenus
Nationals,2023,Toss Up,"Rationalized by Pausanias as a female bandit on Mount Phicium, what “strangler” asked Boeotian travelers a cryptic riddle to which Oedipus gave the answer of “man”?",Sphinx
Nationals,2023,Boni,What man was usually identified as the last victim of the Sphinx?,Haemon
Nationals,2023,Boni,"According to one story, Hera sent the Sphinx to punish Thebes when they did not punish Laius for abducting what youth?",Chrysippus
Yale,2023,Toss Up,"A barber revealed the secret of what king, who had disagreed with Tmolus in judging Apollo’s musicianship and was cursed even after he had just washed away his golden touch?",Midas
Yale,2023,Boni,In what river did Midas wash away his golden touch?,Pactolus
Yale,2023,Boni,"Tmolus was sometimes portrayed not as a mountain-god, but as a human married to what daughter of Iardanes?",Omphale
Yale,2023,Toss Up,"Who claimed to be a Cretan son of Deucalion named Aethon while disguised as a beggar, during which time he boxed Irus, faced Antinous’s mockery, and revealed himself to Eumaeus?",Odysseus
Yale,2023,Boni,"Another of Odysseus’s lies involved him being a Cretan wanderer who settled in Egypt, which may be connected to the historical Battle of the Delta between Ramses III and the mysterious Sea Peoples. Similarly, what people, led by Tarchon and Mezentius in the Aeneid, may be connected with a subgroup of the Sea Peoples called the Teresh?",Etruscans
Yale,2023,Boni,"What mythological group’s legend may reflect historical evidence of a Dorian invasion of the Peloponnesus, which some have also connected with the Sea Peoples?",Heraclids
Yale,2023,Toss Up,"Triple-faced statues depicted what goddess, who was also known as Brimo, was accompanied by hellhounds, represented crossroads, and was the patron of sorceresses like Medea?",Hecate
Yale,2023,Boni,"Hecate was also worshiped as the goddess of what object, alongside two other female deities?",Moon
Yale,2023,Boni,Under what name did the people of Thalamae worship the moon goddess? This name is more commonly associated with a sister of Circe.,Pasiphae
Yale,2023,Toss Up,"An attempt to rape the Hyperborean maiden Opis, an ill-fated game of quoits with Artemis, or a boast that he would kill all animals are all stories that explain the demise of what giant hunter?",Orion
Yale,2023,Boni,"Orion’s most known myth is being blinded by what king of Chios, whose daughter Merope he had attempted to rape?",Oenopion
Yale,2023,Boni,"Who was Orion’s first wife, sent down to Hades for claiming to be more beautiful than Hera?",Side
Yale,2023,Toss Up,"In a Greek tragedy, who criticizes “the one who considers a friend more important than their own country” when he bans the burial of Polynices and condemns Antigone to death?",Creon
Yale,2023,Boni,"What son of Creon and fiance of Antigone tries to convince his father to spare her, fails, and commits suicide in front of his father in protest?",Haemon
Yale,2023,Boni,"In Sophocles’s Antigone, after Teiresias tells Creon that the gods are not accepting sacrifices because of the death of Antigone, what group reminds Creon that Teiresias has never been wrong and he needs to heed the warning?",Chorus
Yale,2023,Toss Up,"What deity, for whom four horses were thrown annually into the sea by Rhodians, exposed Ares and Aphrodite’s affair and spurned Clytie, who turned into a sunflower?",Helios
Yale,2023,Boni,"What possible son of Helios was the only person to offer Heracles financial compensation for one of his labors, though he reneged on his offer?",Augeas
Yale,2023,Boni,"What son of Heracles led the Rhodian contingent at Troy, where he was killed by Sarpedon?",Tlepolemus
Yale,2023,Toss Up,"Events of what sort were ended by the exchange of a scarlet belt and sword and the breaking of a helmet thong in books 7 and 3 of the Iliad, ending hopes of cutting the war short?",Duels
Yale,2023,Boni,"After the duel in book 7 of the Iliad, what Trojan elder advocates for returning Helen?",Helen
Yale,2023,Boni,"Before the duel in book 3 of the Iliad, Helen identifies what Cretan, a frequent guest of hers?",idomeneus
Yale,2023,Toss Up,"The compass, the potter’s wheel, and the saw were all invented by what ingenious boy, who was flung off the Acropolis and turned into a partridge by his uncle Daedalus in a jealous rage?",Perdix
Yale,2023,Boni,What son of Belus invented the first 2-prowed ship to aid in his escape from his twin brother?,Danaus
Yale,2023,Boni,"In what region, later ruled by Nyctimus, did a culture-hero named Pelasgus invent sheepskin coats and huts and teach men to eat acorns?",Arcadia
Yale,2023,Toss Up,"The focus of a local myth from Brasiae and an Orphic tradition where he was the resurrection of Zagreus, what god was nursed by Ino and later drove her and Agave to kill Pentheus?",Dionysus
Yale,2023,Boni,"Another weird tradition about Dionysus claims he was killed in what city? Other versions say that he faced Proëtus there, presumably before Acrisius took over the kingship.",Argos
Yale,2023,Boni,"In a tradition associated with Orphism, Cronus and Rhea deposed not Uranus, but what most ancient goddess, who fell into the Ocean alongside her consort, Ophion?",Eurynome
Yale,2023,Toss Up,"Worshiped as meteorites at Orchomenus, what deities may have been tasked with dispensing beauty to young girls in their function as personal attendants to Aphrodite?",Graces
Yale,2023,Boni,By what collective name were the Graces known to the Greeks?,Charites
Yale,2023,Boni,Which Grace was identified by Hesiod as the wife of Hephaestus?,Aglaea
Yale,2023,Toss Up,"By sending a son of Mygdalion with 49 clay ships to Troy, what king of Cyprus had time to engage in an unwitting incestuous relationship with his daughter Myrrha?",Cinyras
Yale,2023,Boni,"Cinyras promised to send 50 real ships when he was visited by Menelaus, Odysseus, and what Greek herald, often paired with Eurybates?",Talthybius
Yale,2023,Boni,"Apollodorus claims that Adonis was in fact simply the son of Cinyras and his wife, the daughter of Pygmalion. Name her.",Metharme
Yale,2023,Toss Up,"What island had a king who tried to take one of Heracles’s bulls in a boxing match and a later king named Acestes, who hosted Aeneas for the funeral games of Anchises?",Sicily
Yale,2023,Boni,"Like Heracles, that king — Eryx — could also claim divine descent, as what deity was his mother?",Aphrodite
Yale,2023,Boni,"During the funeral games of Anchises, what figure was said to have learned boxing from Eryx, a skill that helped him win against his Trojan opponent?",Entellus
Harvard,2022,Toss Up,"Who had to retrieve water from the Styx, fetch the beauty of Proserpina, and sort a room full of graininto piles, desperate to prove her love for her husband Cupid?",Psyche
Harvard,2022,Boni, Psyche was unable to organize the cereals by herself and instead relied on the help of what animals?,Ants
Harvard,2022,Boni,What object instructed Psyche on how to fetch Proserpina’s beauty from the Underworld?,Tower
Harvard,2022,Toss Up,"What object indirectly caused a son of Portheus’s death, was built by Epeius, and was deceptively described as an offering to Minerva by Sinon, persuading Priam to welcome it?",Trojan Horse
Harvard,2022,Boni,"What name is shared between this son of Portheus and the most famous of the Spartoi, who fathered Pentheus by Agave?",Echion
Harvard,2022,Boni,"During Sinon’s story, he claims that he was persecuted by Ulysses in alliance with what son of Thestor, who would later die of envy at a rival’s superior skill?",Calchas
Harvard,2022,Toss Up,"What god fell hopelessly in love with Orchamus’s daughter Leucothoe and spurned Clytie, who transformed into a heliotrope pining after him?",Apollo/Sol/Helios
Harvard,2022,Boni,"Leucothoe was buried alive by her father for her love, but Sol transformed her into what type of tree after sprinkling her grave with nectar?",Frankincense
Harvard,2022,Boni,"The story of Sol and Leucothoe was told by what king’s daughters, who scorned the orgiastic rites of Bacchus in favor of their weaving?",Minyas
Harvard,2022,Toss Up,"What sort of animal prevented Ancaeus from tasting his wine, forced Nestor to spear vault into a tree, gave a scar that Eurycleia recognized on Odysseus, and terrorized Mt. Erymanthus?",Boar
Harvard,2022,Boni,Odysseus had gotten his scar while hunting with what maternal grandfather of his?,Autolycus
Harvard,2022,Boni,How did Heracles manage to capture the Erymanthian boar?,Chasing it into snow
Harvard,2022,Toss Up,"In the Iliad, what Trojan ally tells a story involving the Solymi and the treachery of Anteia, then exchanges his 100-oxen-worth golden armor with the bronze armor of Diomedes?",Glaucus
Harvard,2022,Boni,"Diomedes opens their conversation by telling the story of how Lycurgus persecuted what god and his “nurses,” beating them with an ox-goad?",Dionysus
Harvard,2022,Boni,"What woman, surnamed Alcyone, features in a story about her husband and the Curetes told by Phoenix in Book 9 of the Iliad?",Cleopatra
Harvard,2022,Toss Up,"What deity, mocked for the obscurity of her father Coeus by a sister of Pelops, was most offended by the idea that seven sons and seven daughters were better than her twins, Apollo and Artemis?",Leto
Harvard,2022,Boni,"In Ovid’s account, Niobe interrupted a sacrifice to Latona that was set up by what daughter of Tiresias, said to rival her father in the gift of prophecy?",Manto
Harvard,2022,Boni,"Coeus also fathered what other deity, who was pursued by Zeus and turned into a quail?",Asteria
Harvard,2022,Toss Up,"What mythological pair, who met at Marathon when one tried to steal the other’s cattle, together carried off the queen Antiope and were trapped in the underworld by the Chairs of Forgetfulness?",Theseus and Peirithous
Harvard,2022,Boni,Who was the wife of Pirithous that was abducted by the centaur Eurytion at their wedding?,Hippodamia
Harvard,2022,Boni,"When Theseus and Pirithous kidnapped Helen, to what city in Attica did they take her?",Aphidnae
Harvard,2022,Toss Up,"What work, in which Photis bungles a potion, features the inset tale of Cupid and Psyche as heard by its protagonist, Lucius, while in the form of a donkey?",THE GOLDEN ASS/ Metamorphoses/ asinus aureus
Harvard,2022,Boni,The Metamorphōsēs has a surprise ending where Lucius is initiated into the cult of what deity?,Isis
Harvard,2022,Boni,"Apuleius was persuaded to marry Pudentilla by what friend of his, who was her son?",PONTIANUS
Harvard,2022,Toss Up,"Who wondered why his head-sheep was lagging behind the rest of the flock, not realizing that the sheep was hiding his antagonist Outis, or “No-one,” who had blinded him?",Polyphemus
Harvard,2022,Boni,"To weaken Polyphemus, Odysseus used the wine he got from what priest of Apollo at Ismarus?",Maron
Harvard,2022,Boni,What son of Eurymus had warned Polyphemus that someone named Odysseus would wound him?,Telemus
Harvard,2022,Toss Up,"What group, which applied a name meaning “Beginner of Death” to an infant, included a man who tried to cannibalize Melanippus and a seer whose wife Eriphyle forced him to join Adrastus",Seven against thebes
Harvard,2022,Boni,"Who was this infant, who died at Nemea when he was left in a bed of parsley?",Opheltes
Harvard,2022,Boni,"What old king of Argos, the father of Evadne, advised Polynices to bribe Eriphyle with the necklace of Harmonia?",Iphis
Harvard,2022,Toss Up,"Who escaped to Camicus but was revealed when he passed a thread through a seashell, showing the same ingenuity as when he designed a hollow bull for Pasiphae and built the Labyrinth?",Daedalus
Harvard,2022,Boni,Who was the king of Camicus who sheltered Daedalus? His daughters soon killed Minos by scalding him in his bath.,Cocalus
Harvard,2022,Boni,"Another account says that, after Icarus’s death, Daedalus arrived in what city, where he decorated a temple with the story of his life, though “his fatherly hands twice fell” when he tried to paint Icarus?",Cumae
Harvard,2022,Toss Up,"What river, a dry imitation of which was seen at Buthrotum, earned the wrath of Hephaestus and was scorched because it tried to drown Achilles on the Trojan plain?",Xanthus/ Scamander
Harvard,2022,Boni,Why had Scamander tried to drown Achilles?,Achilles was filling the river with bodes
Harvard,2022,Boni,"Scamander was actually the progenitor of the Trojan race through what son, said in other accounts to have immigrated from Crete?",teucer
Nationals,2021,Toss Up,"What triad of deities intervened in the Gigantomachy by killing Agrius and Thoas, but are best known for spinning, measuring, and cutting the threads of mortals’ lives?",Fates
Nationals,2021,Boni,Give Hesiod’s names for the three Fates.,"Clotho, Atropos, Lachesis"
Nationals,2021,Boni,The Fates did become directly involved in mortal affairs on certain occasions. Apollo once made the Fates drunk and convinced them to offer what mortal a special boon or gift?,Admetus
Nationals,2021,Toss Up,"What type of tree, into which Amphissus’ mother, Dryope, was transformed, produced the fruit which caused some of Odysseus’ comrades to forget about their homes and families?",Lotus tree
Nationals,2021,Boni,"Odysseus’ crew had come to the land of the Lotus-Eaters after escaping what people, who lived in Ismarus in Thrace and killed six men on each of Odysseus’ ships?",Cicones
Nationals,2021,Boni,What deity’s attempted rape could Lotis only escape by transforming into a lotus tree?,Priapus
Nationals,2021,Toss Up,"What king, who derived his name from the ransom that his sister paid Heracles for him, married a woman who became a dog when their son Polydorus died?",Priam
Nationals,2021,Boni,What son of Priam was transformed into a diver-bird after throwing himself into the sea?,Aesacus
Nationals,2021,Boni,"What king, the husband of Priam’s daughter Ilione, treacherously murdered Polydorus for his gold after Troy fell to the Greek forces?",Polymestor
Nationals,2021,Toss Up,"What warrior was freed by Priam from the bloodguilt of killing Hippolyta and then fought for him against the Greeks at Troy, where she was killed by Achilles, who fell in love with her corpse?",Penthesileia
Nationals,2021,Boni,Achilles killed what Greek after he jeered at Achilles for his love for Penthesileia?,Thersites
Nationals,2021,Boni,"After killing Thersites, Achilles was himself forced to journey to what island to be purified of his bloodguilt?",Lesbos
Nationals,2021,Toss Up,"What man migrated to Ceos, to which he brought Etesian winds, after his son by Autonoë was torn apart by his own hounds and his assault on Eurydice caused her to be bitten by a snake?",Aristaeus
Nationals,2021,Boni,"Name Aristaeüs’ mother, who wrestled a lion.",Cyrene
Nationals,2021,Boni,What daughter of Aristaeüs was driven from Euboea to Drepane for nursing Dionysus?,Macris
Nationals,2021,Toss Up,"What two Homeric characters—whom Poseidon, in the form of Calchas, encourages to defend the Greek ships in Book 13 of the Iliad—often act and are referenced collectively in the poem, because they possess the same name?",The Ajaxes
Nationals,2021,Boni,"In Book 3 of the Iliad, whom does Priam ask about Ajax the Greater as they together watch the Greek chieftains from the walls of Troy?",Helen
Nationals,2021,Boni,"In Book 17 of the Iliad, what two men carry Patroclus’ body back to the Greek camp as both Ajaxes guard them?",Menelaus and Meriones
Nationals,2021,Toss Up,"What type of creature was impersonated by Zeus to rape Antiope, picked up an object that made Athena’s cheeks overly puff out, and was half-man, half-goat?",Satyr
Nationals,2021,Boni,What satyr—ignorant that it would be his downfall—picked up that aulos discarded by Athena?,Marsyas
Nationals,2021,Boni,"After Antiope became pregnant by Zeus, she fled from Thebes to avoid the anger of her father, the city’s regent. Name that man, who was the brother of Lycus.",Nycteus
Nationals,2021,Toss Up,"The four sons of Astacus served as defenders of what city, where attackers such as Hippomedon, Parthenopaeüs, and Polyneices fell while trying to breach its seven gates?",Thebes
Nationals,2021,Boni,Which of the Seven Against Thebes ironically bore a shield that was inscribed with a naked man bearing fire and the message “I will burn down the city”?,Capaneus
Nationals,2021,Boni,Which of the Seven Against Thebes characteristically bore a shield on which nothing was inscribed?,Amphiaraus
Nationals,2021,Toss Up,On what island does a man strap on the gloves of Eryx to defeat a young boxer named Dares during the funeral-games for Anchises in the Aeneid?,Sicily
Nationals,2021,Boni,Dares had earlier won the boxing match at whose funeral games?,Hector
Nationals,2021,Boni,"During the archery contest at the games, what man’s arrow miraculously catches fire?",Acestes
Nationals,2021,Toss Up,"What deity caused the instant coming-of-age of Acarnan and Amphoterus, transformed the Myrmidons from ants to men, and made a daughter of Inachus into a heifer?",Zeus / Jupiter
Nationals,2021,Boni,What goddess made Jupiter promise to transform Aeneas’ ships into nymphs and herself transformed Atalanta into a lioness?,Cybele
Nationals,2021,Boni,"What deity, in order to aid her husband, convinced Psamathe to turn a wolf to stone?",Thetis
Nationals,2021,Toss Up,"What man’s crime was given away by Academus after he used the city of Aphidnae to hide the newly abducted Helen, leading the Dioscuri to abduct his mother, Aethra, in retribution?",Theseus
Nationals,2021,Boni,What man proposed this plan to Theseus because he wanted to seize a daughter of Zeus?,Pirithous
Nationals,2021,Boni,What sons of Theseus later rescued Aethra from Troy?,Acamas and Demophon
Nationals,2021,Toss Up,"What group of sisters chose Lerna as the burial-place for the heads of their husbands, for whose murder they were condemned to ceaselessly fill leaky buckets in the Underworld?",Danaids
Nationals,2021,Boni,"Since Hypermnestra spared Lynceus, they were able to carry on the Danaid line. What twins, who supposedly quarreled in the womb, were the grandsons of Hypermnestra and Lynceus?",Proetus and Acrisius
Nationals,2021,Boni,"Ovid calls the Danaids by a patronymic referring to their descent from what man, the father of Danaüs and his brother Aegyptus?",Belus
Harvard,2019,Toss Up,"What princess, the daughter of Alcinous and Arete, resembled Artemis, according to Odysseus, the man she aided in Book VI of the Odyssey?",Nausicaa
Harvard,2019,Boni,What Thesprotian queen entertained Odysseus and even bore the hero a son during his inland journey after killing the suitors?,Callidice
Harvard,2019,Boni,What other woman in Odysseus’s life was the granddaughter of the god Hermes?,Anticleia
Harvard,2019,Toss Up,Certain caves near the famed silver mines of Thrace were said to be the home of the oracular spirit of what Thracian king whose assassination was caused by a spy named Dolon?,Rhesus
Harvard,2019,Boni,Name two Muses given as Rhesus’ mother by the river Strymon.,Calliope or Clio or Euterpe or Terpsichore
Harvard,2019,Boni,What is interesting about Rhesus’ conception?,His mom was impregnated by the river as she waded in it
Harvard,2019,Toss Up,"When he was unable to fulfill the king’s demand that all inhabitants of Seriphos gift him with horses, who was ordered by king Polydectes to bring the head of the Gorgon Medusa?",Perseus
Harvard,2019,Boni,What two deities provided Perseus with all of the tools that he would need to kill Medusa?,Athena and Hermes
Harvard,2019,Boni,"On his way back from killing Medusa, Perseus saved Andromeda from death by a sea monster. Who was the mother of Andromeda, who had boasted that her daughter was prettier than the Nereids?",Cassiopeia
Harvard,2019,Toss Up,"In Book IV of the Metamorphoses, Alcithoë considers the stories of Daphnis, Celmis, and the Curetes before finally telling the story of what 15-year-old boy, who quite literally became one with the nymph Salmacis?",Hermaphroditus
Harvard,2019,Boni,"After Salmacis and Hermaphroditus merged, Salmacis’s pool had what enervating effect on men who bathed in it?",Made men effeminate
Harvard,2019,Boni,"Soon after this story, Alcithoë and her two sisters are transformed into what animals?",Bats
Harvard,2019,Toss Up,"During the Gigantomachy, missiles of red-hot metal were the deadly weapons of which deity as he defeated his gigantic enemy Mimas?",Hephaestus
Harvard,2019,Boni,What enemy of Poseidon was defeated and covered by the island Nisyrus?,Polybotes
Harvard,2019,Boni,What two giants were destroyed by the bronze clubs of the Fates?,Agrius and Thoas
Harvard,2019,Toss Up,"What character in mythology was poorly regarded in 5th century Athens as a “tricksy sophist” and in Roman times as a prime example of the untrustworthiness of Greeks, far cries from his earlier reputation as a courageous, resourceful, and crafty leader whose actions were crucial for the Greeks’ victory in the Trojan War?",Odysseus
Harvard,2019,Boni,"One example of Odysseus’ depiction as a trickster is in Euripides’ Iphigenia in Aulis, in which Odysseus lies to Iphigenia’s mother Clytemnestra by saying that rather than being sacrificed, she will be wed to what man?",Achilles
Harvard,2019,Boni,"This conception of Odysseus as an untrustworthy Greek is seen throughout Virgil’s Aeneid, such as in whose rhetorical question “sic notus Ulixes?” as he urges the Trojans to not bring the horse within the city walls?",Laocoon
Harvard,2019,Toss Up,"Who, the son of Hagnias, and the helmsman of the Argo, died while the Argonauts stayed among the Mariandyni?",Tiphys
Harvard,2019,Boni,Name one of the two Argonauts who was murdered by the Libyan shepherd Caphaurus when they tried to steal his sheep?,Canthus and Eribotes
Harvard,2019,Boni,"What son of Teleon, almost swam to his death but was saved by Aphrodite and taken to Lilybaeum in Sicily?",Butes
Harvard,2019,Toss Up,"Named Cottus, Briareus, and Gyes, what siblings of the Titans later guarded them in Tartarus and are distinguished by their hundreds of limbs?",Hecatonchires
Harvard,2019,Boni,"What other three siblings of the Titans and Hecatonchires were known as Thunder, Lightning, and Bright?",Cyclopes
Harvard,2019,Boni,"According to Hesiod, what primordial sea deity did Gaia bear on her own alongside Uranus and the hills?",Pontus
Harvard,2019,Toss Up,"What child of Cronus and Rhea is said to have been saved after Rhea gave Cronus a literal horse instead, while sending the child to the care of the Telchines on Rhodes?",Poseidon
Harvard,2019,Boni,"Zeus, not Poseidon, is the child who was traditionally saved from his father’s ferocity. What tribe was said to bang their shields in order to mask the sounds of the infant Zeus’s cries?",Curetes
Harvard,2019,Boni,Some traditions say that what other child of Cronus and Rhea was saved by being given to Ophion and Eurynome?,Hera
Harvard,2019,Toss Up,"By ignoring a lame man asking for a rope, a floating corpse asking to be taken aboard, and three women asking for help weaving a piece of cloth, who was able to safely enter the Underworld on her mission to fill a box with Proserpina’s beauty ointment?",Psyche
Harvard,2019,Boni,"Psyche was able to complete this task with the help of what talking object, who had earlier convinced her not to commit suicide?",Talking Tower
Harvard,2019,Boni,What child did Psyche bear by Cupid?,Voluptas
Harvard,2019,Toss Up,"The Phrygian Dares was sent by Apollo to advise Hector not to fight what man, the dear friend of Achilles?",Patroclus
Harvard,2019,Boni,What was the prophecy that Apollo informed Dares of?,"If Hector killed Patroclus, he would be killed by Achilles"
Harvard,2019,Boni,Who killed Dares when he fled to the Greek camp?,Odysseus
Harvard,2019,Toss Up,"Thamyris, the Harpies, and the daughters of king Pierus were all defeated in contests by what group of nine sisters?",Muses
Harvard,2019,Boni,"Whose daughters were threatened by Agamemnon because of their ability to produce endless supplies of food, and were thus transformed into white doves to protect them?",Anius
Harvard,2019,Boni,Whose sisters were so devastated by his death that they were transformed into guinea fowl?,Meleager
Harvard,2019,Toss Up,"Eos, Phlegon, and Pyrois were all horses of which god, the father of Phaëthon?",Helios
Harvard,2019,Boni,Who was the foster father of Phaëthon who took him and Clymene in?,Merops
Harvard,2019,Boni,What is unusual about Phaëthon’s body in the Eridanus river?,It still burns 
Harvard,2019,Toss Up,What Argive seer and son of Coeranus predicted that his own son would either die of illness at home or die at Troy on the battlefield?,Polyeidus
Harvard,2019,Boni,"Name this son of Polyeidus, who was killed by Paris.",Euchenor
Harvard,2019,Boni,What Cretan child had Polyeidus earlier brought back to life at the instigation of King Minos?,Glaucus
Harvard,2019,Toss Up,Whose sons overthrew and killed him because he appointed Deiphontes as his successor?,Temenus
Harvard,2019,Boni,Which of Temenus’s sons accidentally killed his sister while fleeing with her?,Phalces
Harvard,2019,Boni,Whom was this sister that was mishandled and killed?,Hyrtheno
Nationals,2019,Toss Up,"What goddess refused marriage with both Poseidon and Apollo, preferring to remain a virgin and tend to the home and the hearth?",Hestia
Nationals,2019,Boni,"Hestia normally received a prefatory offering during feasts and sacrifices, but in Book XIV of the Odyssey, what swineherd begins a feast for his master Odysseus and spurns any offering to Hestia?",Eumaeus
Nationals,2019,Boni,"Hestia’s story is similar to what daughter of Asopus, who, when asked by Zeus for her greatest wish, replied “I wish to remain a virgin.”",Sinope
Nationals,2019,Toss Up,"In the Aeneid, a cave with a hundred openings is home to what woman, who tells Aeneas to pluck a golden bough and serves as his guide in the Underworld?",Cumaen Sibyl
Nationals,2019,Boni,"According to the Aeneid, the Cumaean Sibyl was the daughter of what man, who was best known as a fisherman who ate an herb that made him immortal?",Glaucus
Nationals,2019,Boni,"Apollo’s temple at Cumae was built by what man, who according to the Aeneid “dared on swift wings to trust himself to the sky” while “fleeing from Minos’ realm”?",Daedalus
Nationals,2019,Toss Up,"Built by a son of Arestor and Argeia, featuring a specific beam taken from Dodona, and originally steered by Tiphys, what ship bore dozens of heroes in their quest to retrieve the Golden Fleece?",Argo
Nationals,2019,Boni,"That son of Arestor and Argeia was Argus, who built the ship with the help of what goddess?",Athena
Nationals,2019,Boni,"After Tiphys’s death during the voyage of the Argonauts, what native of Miletus and son of Poseidon volunteered to steer the Argo, but was declined in favor of another?",Erginus
Nationals,2019,Toss Up,"It took blows from Apollo, Euphorbus, and Hector to kill which Greek warrior, who, in an attempt to push the Trojans back, had donned the armor of his great friend Achilles?",Patroclus
Nationals,2019,Boni,"Following the death of Patroclus, who comes from the sea to console Achilles?",Thetis
Nationals,2019,Boni,How many Trojans did Achilles kill on Patroclus’ grave at his funeral?,Twelve
Nationals,2019,Toss Up,"What mythological tribe endured the abduction of Antiope during Heracles’ expedition to obtain the girdle of their queen, Hippolyta?",Amazons
Nationals,2019,Boni,"Name the home city of the Amazons, which was situated at the mouth of the Thermodon River.",Themiscyra
Nationals,2019,Boni,"Themiscyra lay on the northern coast of what inland sea, whose eastern end was the site of Colchis?",Black Sea
Nationals,2019,Toss Up,"Disturbed by the sudden sound of rustling leaves while cooling himself on a hot day, who threw his unerring spear into a nearby bush, striking and killing his wife Procris?",Cephalus
Nationals,2019,Boni,"After this misfortune, Amphitryon called Cephalus to Thebes, where he hoped to use the grieving husband’s dog Laelaps in order to capture what sort of animal that was ravaging Teumessus?",Teumessian Fox
Nationals,2019,Boni,"As payment, Amphitryon promised Cephalus a share in the spoils of a war that had not yet been fought. Specifically, he would gain part of the profits from Amphitryon’s raid against what tribe?",Taphians
Nationals,2019,Toss Up,"What kind of animal helped Psyche sort grains into separate heaps, helped Daedalus thread a shell after he lured it through with a drop of honey, and became human when Aeacus prayed to Zeus for companions?",Ants
Nationals,2019,Boni,What did Aeacus call the new men and women who arose from the ants?,Myrmidons
Nationals,2019,Boni,"In the Aeneid, Aeneas’ forces are compared to ants as they load their ships in preparation to leave what city?",Carthage
Nationals,2019,Toss Up,"According to Ovid’s Metamorphoses, what shape-shifting Roman god of fertility took the form of an old woman in order to win the love of the fruit-goddess Pomona?",Vertumnus
Nationals,2019,Boni,"To convince Pomona, Vertumnus warned of the perils of rejecting a suitor, recounting the tale of what Cypriot would-be couple?",Iphis and Anaxarete
Nationals,2019,Boni,"During his speech, Vertumnus also tells Pomona to “fear the vengeful gods, and Idalian Venus,” and what goddess “of Rhamnusia?”",Nemesis
Nationals,2019,Toss Up,"Which deity travelled from the Underworld and threw a serpent into the heart of Amata, hence inflaming a war between the Latins and the Trojans, before returning to her sisters, Megaera and Tisiphone?",Allecto
Nationals,2019,Boni,In which part of the Underworld did these three sisters torture souls?,Tartarus
Nationals,2019,Boni,"According to Hesiod, what two other mythological groups sprang from the blood of Uranus’ severed genitalia along with the Furies?",Meliae and Giants
Nationals,2019,Toss Up,"What great Theban seer uttered prophecies even in the Underworld, as when he informed Odysseus how to return to Ithaca?",Teiresias
Nationals,2019,Boni,"Among other things, Teiresias advised Odysseus not to eat the Thrinacian cattle of what god?",Helios
Nationals,2019,Boni,"Teiresias says that returning to Ithaca will not, however, release Odysseus from his journeys. Rather he must wander, carrying what object, until it is mistaken for a winnowing fan?",Oar
Nationals,2019,Toss Up,"Where were Ophion and Eurynome the original rulers, before eventually being succeeded by Cronus and Rhea, who were themselves supplanted by Zeus and Hera?",Mt. Olympus
Nationals,2019,Boni,"It is reputed that the guardians of Olympus were Alexiares and Anicetus, the children of Heracles by what goddess?",Hebe
Nationals,2019,Boni,"What pair of giants attempted to storm Mount Olympus, piling Mount Pelion upon Mount Ossa in the attempt?",Otus and Ephialtes
Princeton,2019,Toss Up,"Upon whose birth did Clotho, Atropos, and Lachesis appear to Althaea to predict the boy’s fame and fate?",Meleager
Princeton,2019,Boni,Who was Meleager’s father?,Oeneus / Ares
Princeton,2019,Boni,What expedition did Meleager join at such a young age that he had to be accompanied by his uncle Laocoon?,Argonauts
Princeton,2019,Toss Up,"Situated somewhere near Hecate’s grove and the cave of the Cumaean Sibyl, what body of water came to be regarded by the Romans as an entrance to the Underworld?",Lake Avernus
Princeton,2019,Boni,What Lernaean lake was also sometimes considered a port into the Underworld?,Alcyonian Lake
Princeton,2019,Boni,Name one figure in mythology who entered the Underworld through the Alcyonian Lake.,Heracles / Dionysus
Princeton,2019,Toss Up,"Many events of the Trojan War, beginning with the fateful judgment of Paris, took place on the slopes of what mountain?",Mt. Ida
Princeton,2019,Boni,What nymph of Mount Ida was the original wife of Paris before he married Helen?,Oenoe
Princeton,2019,Boni,"At the time of the Trojan War, what man ruled over Dardania on the slopes of Mount Ida?",Aeneas
Princeton,2019,Toss Up,"The people of Cius conducted an annual search for what son of Theiodamas, whom the nymph of the spring Pegae seized as he drew water for Heracles?",Hylas
Princeton,2019,Boni,"While Hylas was drawing water, Heracles had gone to the woods to fashion himself a replacement for what object?",Oar
Princeton,2019,Boni,"What other Argonaut, who shares a name with a famous Cyclops, was also lost to the Argonauts in Mysia?",Polyphemus
Princeton,2019,Toss Up,"What hero’s ignominious exile from Iolcus by Acastus prompted him to journey to Corinth and marry Glauce, thereby repudiating his wife Medea?",Jason
Princeton,2019,Boni,"In retribution for this slight, Medea killed her two children by Jason. Name either",Mermerus or Pheres
Princeton,2019,Boni,Jason remarkably ironically met his death when the prow of what ship fell on him?,Argo
Princeton,2019,Toss Up,"After he was aided by the Trojan crown in conquering Thrace, who later returned the favor by leading his army and, in particular, his invaluable horses against the Greeks?",Rhesus
Princeton,2019,Boni,Which of the Trojan allies betrayed Rhesus’ location to Odysseus and Diomedes?,Dolon
Princeton,2019,Boni,What fate ultimately befell Rhesus after his death at the hands of the Greeks?,He became an oracle
Princeton,2019,Toss Up,"To accomplish which of his labors did Heracles make the Strymon river unnavigable by filling it with stones, wrestle with the Sicilian king Eryx, receive a golden cup from Helios, and kill the two-headed hound Orthrus and his three-bodied owner?",Cattle of Geryon
Princeton,2019,Boni,Heracles also killed what herdsman of Geryon when he came to the help of Orthrus?,Eurytion
Princeton,2019,Boni,"According to Vergil, Heracles was honored as a hero at Pallanteum for killing what fire-breathing giant on his way home from the labor?",Cacus
Princeton,2019,Toss Up,"According to Ovid’s Metamorphoses, what maiden pointed to a heap of dust and said “I want as many birthdays as there are grains of sand within that pile” when Apollo asked for her greatest wish?",Cumaen Sibyl
Princeton,2019,Boni,"The Sibyl therefore tells Aeneas, who was visiting Cumae, that she will live for how many years?",One thousand
Princeton,2019,Boni,"In both Ovid and Vergil’s accounts, Aeneas visits the Cumaean Sibyl so he can access the Underworld and speak to what father of his?",Anchises
Princeton,2019,Toss Up,What man conceived his son Polypoetes on the same day he led the Lapiths in battle against the centaurs?,Pirithous
Princeton,2019,Boni,Pirithous’ battle with the centaurs took place after they interrupted his marriage to what daughter of Butes?,Hippodameia
Princeton,2019,Boni,With what son of Coronus did Polypoetes later lead the Lapiths to Troy?,Leonteus
Princeton,2019,Toss Up,Who led a company of Tyrians first to Cyprus and then to the Libyan coast in an effort to escape the tyranny of her brother Pygmalion?,Dido
Princeton,2019,Boni,What name was originally given to the city which Dido founded in Libya?,Brysa
Princeton,2019,Boni,"By what other name, perhaps a Phoenician divinity, is Dido sometimes known?",Elissa
Princeton,2019,Toss Up,"What woman, often said to be Helen’s only child, was accidentally promised as a bride to both Orestes and Neoptolemus?",Hermione
Princeton,2019,Boni,"After she was unable to bear any children to Neoptolemus, on whom did Hermione blame her infertility?",Andromache
Princeton,2019,Boni,"What son did Hermione eventually bear to Orestes?",Tisamenus
Princeton,2019,Toss Up,What goddess was afflicted with a propensity for carrying off mortal men after she was caught having an affair with Aphrodite’s lover Ares?,Eos
Princeton,2019,Boni,What celestial deities were the parents of Eos?,Hyperion and Theia
Princeton,2019,Boni,What son of Eos and the mortal Tithonus was killed by Heracles as the hero passed through Arabia?,Emathion
Princeton,2019,Toss Up,"According to Vergil’s Aeneid, what youth let himself be captured by the Trojans in a successful plot to induce them to take the Trojan Horse within their walls?",Sinon
Princeton,2019,Boni,"To win the Trojans’ trust, Sinon cited his close relationship with what man, whom Odysseus had betrayed?",Palamedes
Princeton,2019,Boni,Among those involved in the plot against Palamedes was what chief seer of the Greeks?,Calchas
Princeton,2019,Toss Up,What city in northern Argolis was the site of funeral games instituted by the Seven Against Thebes in honor of Opheltes and the home of the lion Heracles killed for his first labor?,Nemea
Princeton,2019,Boni,The victors at the Nemean Games were crowned with what herb since Opheltes had died when he was laid on a bed of it?,Parsley
Princeton,2019,Boni,What moon-goddess had supposedly suckled the Nemean Lion?,Selene
Princeton,2019,Toss Up,"According to some sources, what goddess’ original home at Lake Tritonis was the site of her ill-fated and ultimately fatal duel with her friend Pallas?",Pallas
Princeton,2019,Boni,"Pallas’ death can partly be attributed to Zeus’ interposition of what gorgon-faced shield, which caused Pallas to drop her guard?",Aegis
Princeton,2019,Boni,Another display of Athena’s temper was the blinding of what seer and son of her favorite nymph Chariclo?,Teiresias
Yale,2019,Toss Up,"Zeus Katachthonios was an epithet of what god, who snatched up Persephone as she was picking flowers and carried her down to the Underworld?",Hades
Yale,2019,Boni,What epithet of Hades meant “The Unseen One”?,Aideoneus
Yale,2019,Boni,At what lake near Naples did Aeneas enter the Underworld?,Lake Avernus
Yale,2019,Toss Up,"What daughter of Evenus was allowed to choose between Apollo and Idas, selecting the latter because he would not leave her when she grew old?",Marpessa
Yale,2019,Boni,What daughter of Idas and Marpessa married Meleager?,Cleopatra
Yale,2019,Boni,How did Marpessa die?,Suicide after Idas' death
Yale,2019,Toss Up,"Reared by the Oceanid Capheira and the Telchines, what god spent most of his time at a watery palace at Aegae?",Telchines
Yale,2019,Boni,"When Poseidon first courted his wife Amphitrite, she initially fled, but was persuaded to marry Poseidon by what minor sea deity?",Delphinus
Yale,2019,Boni,"When Helius and Poseidon competed for the patronage of Corinth, who arbitrated the dispute?",Briareus
Yale,2019,Toss Up,Who were punished in the Underworld by being bound to a pillar with snakes because they had piled up mountains in order to storm Olympus?,Otus and Ephialtes
Yale,2019,Boni,What type of animal sat on the pillar to which Otus and Ephialtes were bound in the Underworld?,Owl
Yale,2019,Boni,On what island did Otus and Ephialtes accidentally kill each other with javelins?,Naxos
Yale,2019,Toss Up,"Who became infatuated with Chrysippus, the illegitimate son of Pelops, and carried him off to Thebes, gaining the throne and marrying Jocasta?",Laius
Yale,2019,Boni,"According to some stories, what two legitimate sons of Pelops killed Chrysippus at the instigation of their mother?",Atreus and Thyestes
Yale,2019,Boni,"Laius gave the infant Oedipus to his shepherds to expose on what mountain, the site of events like the death of Actaeon and the blinding of Teiresias?",Mt. Cithaeron
Yale,2019,Toss Up,"Rescuing the infant Dionysus from the flames that destroyed Semele, stealing back the sinews of Zeus from Typhon, and killing Argus Panoptes were all deeds performed by what god?",Hermes
Yale,2019,Boni,What deity did Hermes father with Penelope after Odysseus drove her out of Ithaca?,Pan
Yale,2019,Boni,Zeus sent an eagle to steal the sandal of what goddess while she bathed in the river Achelous so that Hermes could be with her?,Aphrodite
Yale,2019,Toss Up,"In Book 12 of Vergil’s Aeneid, who takes the form of Metiscus to assist her brother, Turnus, in fighting the Trojans?",Juturna
Yale,2019,Boni,"Also in Book 12, what woman kills herself because she wrongly thinks Turnus has died?",Amata
Yale,2019,Boni,"At the end of Book 12, Aeneas considers sparing Turnus, but is overcome with anger and decides to kill him after seeing what object?",Sword-belt of Pallas
Yale,2019,Toss Up,"The mountains of Magnesia were home to what tribe of creatures, whose members included Eurytion, Nessus, and Cheiron?",Centaurs
Yale,2019,Boni,The Centaur Eurytion was killed by Heracles after he carried off what daughter of Dexamenus?,Mnesimache
Yale,2019,Boni,What man is said to have fathered the Centaurs when he had sex with a cloud he believed to be Hera?,Ixion
Yale,2019,Toss Up,"Shields were used for the first time during a duel between what two brothers, who began quarrelling before they left the womb and did not stop until they had torn the kingdom of Argos into two parts?",Proteus and Acrisius
Yale,2019,Boni,What father of Acrisius and Proëtus bequeathed Argos to the brothers jointly?,Abas
Yale,2019,Boni,"When Acrisius drove him from Argos, Proëtus went to Lycia where he took refuge at the court of what king, to whom he would later send Bellerophon with a fatal letter?",Iobates
Yale,2019,Toss Up,"On what island did Philoetius, Melantheus, and Eumaeus all serve as herdsmen in service of Odysseus?",Ithaca
Yale,2019,Boni,Which of the suitors of Penelope was the first to die at the hands of Odysseus?,Antinous
Yale,2019,Boni,"After the slaughter of the suitors, Odysseus spared a herald and a bard. Name either of these men.",Medon and Phemius
Yale,2019,Toss Up,"In Book 15 of the Iliad, Zeus saves Hector by snapping the bow of what Greek archer, who then picks up a shield and a spear to fight beside his brother, Ajax?",Teucer
Yale,2019,Boni,"After Teucer returned home to Salamis, what father of his banished him because he believed Teucer to be complicit in the death of Ajax?",Telamon
Yale,2019,Boni,"Apollo’s oracle told Teucer that he should found a new Salamis on what island, where King Cinyras gave Teucer one of his daughters in marriage?",Cyprus
Yale,2019,Toss Up,What daughter of Theseus and Helen was given to Clytemnestra to be raised and eventually ended up as a priestess of Artemis living among the Taurians?,Iphigenia
Yale,2019,Boni,"According to Hyginus, what woman almost blinded Iphigenia because she thought Iphigenia had killed Orestes?",Electra
Yale,2019,Boni,"What son of Strophius, a companion of Orestes, accompanied him to the land of the Taurians in hopes of curing Orestes’ madness?",Pylades
Yale,2019,Toss Up,At what city did all of the following events occur: King Codrus repelled an invasion through the voluntary sacrifice of his life; the demagogue Menestheus overthrew a famous king who had invited war with the Dioscuri; and king Cecrops ended the practice of human sacrifice?,Athens
Yale,2019,Boni,"What king of Athens, the son of Hephaestus and Ge, was given to the daughters of Cecrops in a chest?",Erichthonius
Yale,2019,Boni,"What son of Codrus was the last king of Athens, which instituted the archonship shortly after his death?",Medon
Yale,2019,Toss Up,Which of the Pleiades was transformed into a doe by Artemis and repaid the goddess by stamping the golden horns of the Cerynitian Hind with Artemis’ name?,Taygete
Yale,2019,Boni,"Despite Artemis’ interventions, Zeus and Taÿgete had what son, an eponym of Sparta?",Lacedaemon
Yale,2019,Boni,Which of the Pleiades clung to the Palladium when Zeus tried to rape her and became the mother of Dardanus?,Electra
Harvard,2025,Toss Up,"Whose flocks were ravaged by a wolf sent by Psamathe after he murdered his half brother Phocus, and after Eurytion purified him, settled in Phthia after being exiled from Aegina by his father, Aeacus?",Peleus
Harvard,2025,Boni,"What brother of Peleus also participated in killing Phocus, and was exiled to Salamis?",Telamon
Harvard,2025,Boni,What mother of Peleus may have persuaded him to kill Phocus?,Endeis
Harvard,2025,Toss Up,"The son of Apheidas from Alybas, a Cretan who had found wealth in Egypt, and a brother of Idomeneus named Aethon are all identities assumed by what man, who also once went by Outis, or “no one?”",Odysseus
Harvard,2025,Boni,To whom did Odysseus claim that he was Eperitus after he found this man toiling in a grove?,Laertes
Harvard,2025,Boni,"As brother of Idomeneus, Aethon was supposedly a son of what man?",Deucalion
Harvard,2025,Toss Up,"What nymph from Halicarnassus, whose spring would weaken men, encircled her visitor in her waters and prayed to become an intersex being with Hermaphroditus?",Salmacis
Harvard,2025,Boni,Hermaphroditus was only born thanks to what mythological figure who stole a sandal of Aphrodite for Hermes? This figure also helped Psyche retrieve water from the Styx,Eagle of Zeus
Harvard,2025,Boni,What was the other name of Hermaphroditus because he was a great-grandson of Atlas?,Atlantides
Harvard,2025,Toss Up,"Examples of what objects were borrowed from Meriones by Odysseus, gave away Nisus and Euryalus’s position, scared the infant Astyanax, and were used to make Hades and Perseus invisible?",Helmet
Harvard,2025,Boni,"Hades’s helmet may be connected to what epithet of his, meaning “the unseen one”?",Aidoneus
Harvard,2025,Boni,What father of Phoenix was the original owner of the helmet Meriones lent to Odysseus?,Amyntor
Princeton,2025,Toss Up,"A son of Mastor on Ithaca, a man who cured Iphiclus of impotence, and a man who told Zeus and Hera that women experience higher pleasure than men during sex all held what profession?",Seer
Princeton,2025,Boni,The seer who cured Iphiclus of his impotence was what man?,Melampus
Princeton,2025,Boni,"Melampus was brothers with Bias, who was the father of what wife of Pelias?",Anaxibia
Princeton,2025,Toss Up,"Contests in what activity saw Athena hinder Ajax Oileus, Epeius win from Endymion the kingship of Elis, Salius lose his shot at victory to Euryalus, and Melanion throw down three golden apples?",Footrace
Princeton,2025,Boni,"According to the Iliad, who won the footrace — and every other contest except for the chariot race — at the funeral games of Amarynceus?",Nestor
Princeton,2025,Boni,Who lost the chariot race at Patroclus’s funeral games because Athena broke the yoke of his chariot?,Eumelus
Princeton,2025,Toss Up,"What city, where Aeacus’s arbitration removed Sceiron from the throne, saw an osprey and the ciris bird emerge after its king’s purple lock of hair was cut by Scylla and it was conquered by Minos?",Megara
Princeton,2025,Boni,What son of Talaus died of grief and old age at Megara after his son Aegialeus was the only leader to die in a campaign against King Laodamas?,Adrastus
Princeton,2025,Boni,"The first king of Megara was what man, who built its walls and may have killed the Cithaeronian lion?",Alcathous
Princeton,2025,Toss Up,"In the Metamorphoses, what general type of thing — into which Romulus’s spear, Dryope, and a Cean lover of Apollo transform — was used to beat Caeneus into the ground and given to Athens by Athena?",Tree
Princeton,2025,Boni,"What specific type of tree was gifted by Demeter to the kind Athenian Phytalus, was the subject of the fatal debate between the rival seers Mopsus and Calchas, and was the type of tree Odysseus clung to to escape Charybdis?",Fig
Princeton,2025,Boni,What specific type of tree impregnated the nymph Nana with its fruit and was embraced by Acamas or Demophoon when he returned to Thrace and found his lover dead?,Almond
Princeton,2025,Toss Up,"Who spat in his teacher’s mouth to forget the art of prophecy after a snake couple showed how he could be revived, since Polyidus had found him drowned in a honey-jar to the shock of his father Minos?",Glaucus
Princeton,2025,Boni,"What son of Apollo and Evadne, a future great seer, was not killed by honey, but rather saved by it, since snakes fed it to him after he was abandoned on Aepytus’s orders?",Iamus
Yale,2025,Boni,"Honey was also the diet of a set of three-winged prophetesses mentioned in the Homeric Hymn to Hermes. These are likely to be identified with what group, who practiced divination with pebbles?",Thriae
Harvard,2024,Toss Up,"What substance, which Ancaeus was prophesied to never be able to taste, was believed to be poison by the shepherds who killed Icarius, and caused centaurs to go mad when Pholus offered it to Heracles?",Wine
Harvard,2024,Boni,"Icarius was immortalized as what constellation, which could also be Demeter’s son Philomelus?",Bootes
Harvard,2024,Boni,"In a Euripidean tragedy, who almost drank poisoned wine from his mother before seeing a dove die, then almost killed his mother before a priestess brought out a cradle and prompted a recognition scene?",Creusa
Harvard,2024,Toss Up,"Who was rewarded with Cymopoleia after subduing a divine rebellion and arbitrated a dispute over the patronage of Corinth, despite his regular duty being to guard the Titans alongside Gyes and Cottus?",Briareus
Harvard,2024,Boni,How did Briareus settle the dispute over the patronage of Corinth between Helios and Poseidon? A description is acceptable.,"Helios got Acrocorinth, Poseidon got Isthmus"
Harvard,2024,Boni,"When Poseidon and Hera quarreled over the patronage of Argos, three river gods were set up as judges. Name two.","Inachus, Asterion, Cephissus"
Harvard,2024,Toss Up,"What object depicts a Linus-song sung by herdsmen and a dance floor where couples hold each other by the wrists, shows the river Oceanus around its edges, and was requested by Thetis after Patroclus’ death?",Achilles' shield
Harvard,2024,Boni,"Homer compares the dance floor to one belonging to what woman who, according to some accounts, was abandoned on Cyprus and worshiped in a grove sacred to Aphrodite?",Ariadne
Harvard,2024,Boni,"In Book 22, Priam compares Achilles’s armor to what star, which scorched the island of Ceus until Aristaeus cooled it down?",Sirius
Harvard,2024,Toss Up,"What island, from which Agamemnon abducted three girls to produce supplies of oil, grain, and wine for his army, was ruled by Anius and visited by Eileithyia to aid Leto in giving birth to Apollo?",Delos
Harvard,2024,Boni,"When Aeneas arrived at Delos, he was told to “seek out his ancient mother.” He initially interpreted this as a reference to Crete, the homeland of what early Trojan figure?",Teucer
Harvard,2024,Boni,Name the three daughters of Anius whom Agamemnon abducted,"Elais, Spermo, Oeno"
Yale,2024,Toss Up,"Who, Ctimene’s husband and Odysseus’s brother-in-law, wisely rejected Polites’s desire to investigate a curious palace on the island of Aeaea, but on Thrinacia foolishly advocated for eating Helios’s cattle?",Eurylochus
Yale,2024,Boni,What two daughters of Helios and Neaera guarded Helios’s cattle?,Lampetie and Phaethusa
Yale,2024,Boni,"Odysseus’s sister Ctimene isn’t the only obscure sister in that family. Who is Penelope’s sister, who appears to her in a dream in the Odyssey?",Iphthime
Yale,2024,Toss Up,"What object, thrown into a river near Dorium by a son of Philammon named Thamyris, was used upside down by a god in a contest against Marsyas and was originally made of a tortoise and a sheep?",Lyre
Yale,2024,Boni,"What pupil or father of Marsyas, who shares his name with a mountain, received Marsyas’s corpse after he was flayed?",Olympus
Yale,2024,Boni,What Thracian king’s attempt to rape the Muses in his palace was as ill-fated as Thamyris’s attempt to vanquish them musically?,Pyreneus
Yale,2024,Toss Up,"Accompanied by Creon and Cephalus on a military campaign, who defeated the Teleboans thanks to the treacherous love of the princess Comaetho, while Zeus extended the night threefold to visit his wife?",Amphitryon
Yale,2024,Boni,"Who was Amphitryon’s father, whose name gives us the most common patronymic for Heracles?",Alcaeus
Yale,2024,Boni,"What father of Epeius, who feuded with his twin brother in the womb just like Acrisius and Proëtus, also joined Amphitryon on his expedition against the Teleboans?",Panopeus
Yale,2024,Toss Up,"What mythological pair, who abducted Leucippus’s daughters, came to the aid of sailors as St. Elmo’s Fire and included one man who freed the Bebryces from the rule of Amycus in a boxing match?",Dioscuri
Yale,2024,Boni,A strange reference in Apollodorus claims that Amycus was killed with a blow to what body part?,Elbow
Yale,2024,Boni,"The abduction of Leucippus’s daughters was avenged by Idas and Lynceus, but this was not Idas’s only military exploit. What son of Auge and friend of Parthenopaeus helped defeat Idas when he attacked Mysia?",Telephus
Florida,2023,Toss Up,"The Fates, Mercury, and Palamedes were all claimed by Hyginus to have contributed to what Phoenecian import, which Herodotus claims was given to the Greeks by Cadmus?",The Alphabet
Florida,2023,Boni,Again according to Hyginus what king and founder of Pallantium introduced the alphabet to Italy?,Evander
Florida,2023,Boni,"According to Hyginus, Mercury was inspired to create letters by the migratory patterns of what type of bird, into which the queen of the Pygmies had been turned, during their flight from Egypt to Greece?",Crane
Florida,2023,Toss Up,"Who married Asterius, the king of Crete after she bore three sons to Zeus?",Europa
Florida,2023,Boni,What two beings were given as gifts to Europa to act as her guardians when Zeus took her to Crete?,Talus and Laelaps
Florida,2023,Boni,"What king of Tyre, who shares his name with the son of Amyntor, was Europa's brother, but some sources say was her father?",Phoenix
Florida,2023,Toss Up,Who killed Neoptolemus at Delphi in order to marry Hermione?,Orestes
Florida,2023,Boni,"According to Aeschylus, where did Orestes face trial for the murder of Clytemnestra?",Areopagus
Florida,2023,Boni,What goddess cast the tie-breaking vote to acquit Orestes of Clytemnestra's murder?,Athena
Florida,2023,Toss Up,"In the Aeneid, what daughter of Thaumas and Electra finally releases Dido's spirit from her body?",Iris
Florida,2023,Boni,What disguise does Iris use in book 5 to encourage the women to set fire to the Trojan ships in Sicily?,Beroe
Florida,2023,Boni,What happens to the ships when Turnus attempts to burn them in Book 9?,They turn into nymphs
Harvard,2023,Toss Up,"What island, which saw a sacrifice to Apollo, Artemis, and Leto after the murder of Thersites, was the birthplace of the pirate-fleeing, dolphin-riding Greek singer Arion, and the home of Orpheus’s lyre?",Lesbos
Harvard,2023,Boni,Why did Achilles murder Thersites?,Thersites mocked Achilles for lamenting after murdering Penthesilea
Harvard,2023,Boni,Arion had spent most of his life at the court of what tyrant of Corinth?,Periander
Harvard,2023,Toss Up,"What mythological man was depicted “on his knees,” or en gonasin, after he fought the Ligurians in a return journey that also saw the birth of Scythes, the defeat of Eryx, and the death of Cacus?",Heracles
Harvard,2023,Boni,Engonasin is not the only constellation that commemorates Heracles. The constellation Ophiuchus portrays him killing what sort of animal at Omphale’s behest?,Snake
Harvard,2023,Boni,"When Heracles was wounded and fell to his knees while battling the Ligurians, what miraculous event did Zeus send to save him, which explains the terrain around the city of Marseilles?",A rain of stones
Harvard,2023,Toss Up,New alluvial deposits allowed what man to find respite from his madness after anger at the effects of Harmonia’s necklace and robe led him to kill his mother Eriphyle and avenge his father Amphiaraus?,Alcmaeon
Harvard,2023,Boni,"These alluvial deposits were found at what river, whose god gave Alcmaeon his daughter Callirhoe in marriage?",Achelous
Harvard,2023,Boni,"Alcmaeon’s tomb, surrounded by tall cypress trees, was found near what city, where he was murdered at the command of king Phegeus?",Psophis
Harvard,2023,Toss Up,"Helios nightly rode the currents of what river, which was believed to issue from the Underworld and to circle around the flat earth, marking the furthest boundaries of the world?",Oceanus
Harvard,2023,Boni,What peculiar vessel did Helios use to complete his daily journey on the river Ocean? A description is fine.,Cup
Harvard,2023,Boni,"In Prometheus Bound, the river Oceanus appears as a character and rides on what animal, which fought the Arimaspians for gold at the northern limits of the world?",Griffin
Nationals,2023,Toss Up,"What giant was honored with a grave at Panopeus and in a cave called the Elarium, named for his mother Elare, though he was punished in Hades for trying to rape Leto?",Tityus
Nationals,2023,Boni,Over how many acres was Tityus’ body stretched in the Underworld?,Nine
Nationals,2023,Boni,"Tityus was the grandfather of what Argonaut, who was the progenitor of the colonizers of the island of Thera?",Euphemus
Nationals,2023,Toss Up,"The people of Celaenae supposedly honored what man and his pupil Olympus, despite the fact that his flayed skin still hung in its town square after he lost a musical duel to Apollo?",Marsyas
Nationals,2023,Boni,"According to Hyginus, Apollo defeated Marsyas by doing what with his lyre—a technique that Marsyas was unable to replicate with his flute?",Playing it upside down
Nationals,2023,Boni,"The Phrygians claim that Marsyas appeared to help them in their wars against what invaders, whom the ghost of Neoptolemus drove away from Delphi?",Gauls
Nationals,2023,Toss Up,"In Ovid’s Metamorphoses, what deity removes all shame from the daughters of Propoëtus as part of her worship on Cyprus, where she also petrified the heartless girl Anaxarete?",Venus
Nationals,2023,Boni,"What city, named for the daughter of Pygmalion and his ivory statue, was Venus’ chief cult center in Cyprus?",Paphos
Nationals,2023,Boni,"In the Metamorphoses, Venus turned a horned Cypriot people, the Cerastae, into what sort of animals?",Bull
Nationals,2023,Toss Up,"In Homer, contests in what activity are won by Laodamas and by Epeius, though the disguised beggar Odysseus uses this skill more practically to defeat Irus?",Boxing
Nationals,2023,Boni,What was Irus’ real name?,Arnaeus
Nationals,2023,Boni,Whom did Epeius defeat in the boxing-match at Patroclus’s funeral games?,Euryalus
Yale,2023,Toss Up,"What woman, after a battle at Marathon, either gouged out the eyes of a severed head brought to her by Hyllus or personally ordered Eurystheus’s death, avenging his persecution of her son?",Alcemene
Yale,2023,Boni,"In some versions, who saw two stars above his chariot as he pursued Eurystheus, giving him the power to carry on?",Iolaus
Yale,2023,Boni,"Hyllus is said to have pursued Eurystheus as far as what geographical formation, named after a local Megarian warlord?",Sceironian Rocks
Yale,2023,Toss Up,"On an island in the Black Sea, what Oceanid was startled by Rhea’s arrival during her affair with Cronus, after which she fled and gave birth to the centaur Chiron?",Philyra
Yale,2023,Boni,Into what did Zeus transform Philyra?,Linden tree
Yale,2023,Boni,"In lost tragedies, what granddaughter of Chiron was forced to expose her sons Aeolus and Boeotus, who were adopted by Theano and Metapontus?",Melanippe
Yale,2023,Toss Up,"Objects of what type include one that Iris offered to Eileithyia and one made by Hephaestus, used at Iphis’s suggestion to bribe Eriphyle after it was given to Harmonia along with a robe?",Necklace
Yale,2023,Boni,"According to Euripides, tokens like a golden necklace helped what woman realize that an infant raised at Delphi, whom she had tried to kill, was actually her own son by Apollo?",Creusa
Yale,2023,Boni,"What woman receives a necklace from Peisander and earrings from Eurydamas, among a whole suite of other gifts that Homer does not recount in full?",Penelope
Yale,2023,Toss Up,"A statue of what deity looked up to heaven in horror when her Trojan sanctuary was violated, after which she took a thunderbolt and struck Oileus’s son Ajax dead for his rape of Cassandra?",Athena
Yale,2023,Boni,"Two suitors of Cassandra joined the Trojan side in the famous war in hopes of winning her hand. For 5 points, name either one.",Coroebus / Othryoneus
Yale,2023,Boni,"Cassandra bore Agamemnon two children who were eventually killed by Aegisthus and Clytemnestra. For 5 points, name either one.",Teledamus / Pelops
Nationals,2021,Toss Up,"What type of animal both suckled a child, who was discovered by hunters of King Corythus and named Telephus, and was marked by Taÿgete with Artemis’ name on its horns?",Doe
Nationals,2021,Boni,"According to Euripides, Artemis substituted a deer for Iphigeneia on the altar as she was about to be sacrificed, carrying her to live among what people?",Taurians
Nationals,2021,Boni,"What youth was shot by his father, whom the Erinyes had caused to go mad, because his father thought that his son was a deer or a lion?",Learchus
Nationals,2021,Toss Up,"What city, in which two quarreling Heraclids named Procles and Eurysthenes established a dual kingship, was the site of Oeonus’ death at the hands of the sons of Hippocoön, the brother of Tyndareüs?",Sparta
Nationals,2021,Boni,"Hippocoön, like Neleus, once refused to purify Heracles after he threw what man to his death from the walls of Tiryns in a fit of madness?",Iphitus
Nationals,2021,Boni,"What Spartan princess, a daughter of Tyndareüs, cheated on her husband Echemus, fulfilling a prophecy that all of Tyndareüs’ daughters would be unfaithful?",Timandra
Nationals,2021,Toss Up,"In the Aeneid, Corynaeus places the fragments of what man’s cremated bones in an urn after he was found drowned on Cumae’s shore, having rashly dared the gods to a trumpeting contest?",Misenus
Nationals,2021,Boni,"Earlier in the poem, Misenus serves as a lookout when Aeneas’ crews attack what islands, where Celaeno and the other Harpies live?",Strophades
Nationals,2021,Boni,"What companion of Aeneas, killed in Book 12 of the Aeneid, was the father of Misenus?",Aeolus
Nationals,2021,Toss Up,"What body of water, near which a spring had formed after a thirsty man kicked a rock, was navigated after a tripod was dedicated to its half-fish god, a son of Poseidon, by the Argonauts?",Lake Tritonis
Nationals,2021,Boni,"Who was this thirsty man, with whom the Argonauts were actually quite familiar?",Heracles
Nationals,2021,Boni,"According to Apollonius’ Argonautica, what Libyan shepherd killed one of the Argonauts for trying to steal his flocks and was killed by the Argonauts in return?",Cephalion
Harvard,2019,Toss Up,What Argive twins yoked a wagon to themselves and carried their mother to a temple as part of a festival to Hera?,Cleobis & Biton
Harvard,2019,Boni,"After their mother prayed to Hera that her sons be given the best thing human beings could obtain, what unusual fate befell the twins after the festival was complete?","They died in their sleep in the temple, never to wake up again"
Harvard,2019,Boni,"According to Solon, how many miles did the Argives hoist the chariot before arriving at the temple?",Five
Harvard,2019,Toss Up,Who was purified by members of the Phytalides before he could enter Athens?,Theseus
Harvard,2019,Boni,At which old woman’s hut did Theseus stay prior to his capturing of the Marathonian Bull?,Hecale
Harvard,2019,Boni,With which king of the Abantes did Theseus leave his children prior to his death?,Elephenor
Harvard,2019,Toss Up,"Who would have returned Orestes, Pylades, and Iphigeneia to Thoas as prisoners had his grandfather not revealed to him that he was the half-brother of Orestes and Iphigeneia, since he was the son of Agamemnon by Chryseїs?",Chryses
Harvard,2019,Boni,"What object had Orestes, Pylades, and Iphigeneia taken from Thoas when they fled his island?",A statue of Artemis
Harvard,2019,Boni,"What island, inhabited by Chryses, did they land on?",Chryse
Harvard,2019,Toss Up,"A horse of Pluto according to Claudian, a horse of Helios according to Ovid, a horse of Hector according to Homer, and a fictional son of Deucalion whom Odysseus impersonates during his first meeting with Penelope all had what name?",Aethon
Harvard,2019,Boni,Podarge also mothered the horses Phlogaius and Harpagus who served what twin brothers both on earth and on Olympus?,Dioscuri
Harvard,2019,Boni,"What horse, despite his mortality, was still able to keep up with his immortal harness-mates Balius and Xanthus, but unfortunately took a spear to the shoulder meant for his master Patroclus?",Pedasus
Harvard,2019,Toss Up,What daughter of Hypseus became a love interest of Apollo when he saw her wrestling a lion?,Cyrene
Harvard,2019,Boni,"What granddaughter of Ares became Apollo’s love interest, though she chose the mortal Idas over him?",Marpessa
Harvard,2019,Boni,What youth from Amyclae and love interest of Apollo did the god tragically kill?,Hyacinthus
Nationals,2019,Toss Up,"Since his landlocked Arcadia knew nothing of the sea, what king of Tegea led his men to Troy in sixty ships which he had borrowed from Agamemnon?",Agapenor
Nationals,2019,Boni,"Agapenor was the son of what Arcadian king, who was chosen by the Argonauts to row beside Heracles due to his strength?",Ancaeus
Nationals,2019,Boni,"Agapenor succeeded what other Arcadian king, who killed Heracles’ son Hyllus in a duel, thus defending the Peloponnesus against the Heraclids?",Echemus
Nationals,2019,Toss Up,"Nine days after sacrificing bulls to certain dryads, what son of Cyrene was amazed to see bees swarming amidst the carcasses, indicating that he had discharged his debt for accidentally killing Eurydice?",Aristaeus
Nationals,2019,Boni,Whom had Aristaeüs captured to find out why his bees were dying?,Proteus
Nationals,2019,Boni,In what Thessalian valley had Aristaeüs been living when he inadvertently caused the death of Eurydice? ,Valley of Tempe
Nationals,2019,Toss Up,"What mythological name is shared by two characters in Ovid’s Metamorphoses—an Assyrian king whose daughters were transformed into the stone steps of a temple and a king of Cyprus, the son of Paphos, who killed himself after conceiving a child with his daughter, Myrrha?",Cinyras
Nationals,2019,Boni,"Minerva wove the Assyrian Cinyras as one of the four examples of mortal presumptiveness with which she admonished Arachne. She also included what mythological couple, who were changed into mountains for calling themselves Zeus and Hera?",Haemon and Rhodope
Nationals,2019,Boni,"The Cypriot Cinyras had been punished for the blasphemy of what wife of his, who claimed that Myrrha was lovelier than the goddess of love?",Cenchreis or Metharme
Nationals,2019,Toss Up,"Who was induced to smile at the quips of Iambe, servant of Metaneira, distracting her from grief over the loss of her daughter Persephone?",Demeter
Nationals,2019,Boni,"Gladdened, Demeter accepted a cup of what drink, comprising water mixed with meal and pennyroyal?",Kykeon
Nationals,2019,Boni,"While wandering, Demeter had also received a cup of kykeon from Misme, the mother of what youth, who laughed at her drinking speed and was changed into a spotted lizard for his impudence?",Ascalabus
Princeton,2019,Toss Up,"To what mythological group to Calypso, Doris, Styx, and Amphitrite all belong?",Oceanids
Princeton,2019,Boni,"Which of the Oceanids, whose name meant “craft,” had shape-shifting abilities?",Metis
Princeton,2019,Boni,Which of the Oceanids was the mother of Prometheus?,Clymene
Princeton,2019,Toss Up,"The city of Antheia, the constellation Ophiuchus, and the first lynx were all results of what Eleusinian prince’s mission to teach the world to sow wheat?",Triptolemus
Princeton,2019,Boni,What goddess had invested Triptolemus with that mission?,Demeter
Princeton,2019,Boni,Demeter placed what wicked of the Getae in the sky as the constellation Ophiuchus as a warning to evildoers?,Carnabon
Princeton,2019,Toss Up,"Believing his son guilty of either complicity or cowardice in the Greeks’ treatment of Ajax, what old man refused to allow Teucer to land on the island of Salamis?",Telamon
Princeton,2019,Boni,"According to an oracle of Apollo, on what island was Teucer destined to found a “new Salamis”?",Cyprus
Princeton,2019,Boni,"What Trojan woman, whom Heracles once saved from a sea-monster, was the mother of Teucer by Telamon?",Hesione
Princeton,2019,Toss Up,"What Athenian divinities, worshiped in a cave on the Areopagus, are often identified with the Erinyes, though their name means “Venerable Goddesses”?",Semnai Theai
Princeton,2019,Boni,By what other name were the Erinyes sometimes known in Athens?,Eumenides
Princeton,2019,Boni,After what famous event atop the Areopagus did the Erinyes come to known by these milder epithets?,Trial of Orestes
Yale,2019,Toss Up,"Lacking the physical power to back up his “territorial aggression,” what man saw his insolence brutally punished when Odysseus snapped his jaw with a single, vicious right hook?",Irus
Yale,2019,Boni,What favor did Irus do for the suitors in exchange for getting scraps from their table?,He acted as their messenger
Yale,2019,Boni,What suitor forced Irus to box with the disguised Odysseus?,Antinous
Yale,2019,Toss Up,"What man was punished not once but twice for his crimes, once by being a slave for eight years to the god Ares, and again by being transformed into a snake at the end of his life?",Cadmus
Yale,2019,Boni,"Before his transformation, Cadmus became king of what group of people after he usurped the previous ruler’s throne?",Illyrians
Yale,2019,Boni,"Who aided Cadmus in this final conquest by marrying Lycotherses, Cadmus’ predecessor, and then killing him?",Agave
Yale,2019,Toss Up,"What god probably regretted hiding his lover Elare from his ever-jealous wife, since their son was the giant Tityus, who chased another of his lovers, Leto, across the earth?",Zeus
Yale,2019,Boni,How did Zeus manage to hide Elare?,He hid her underground
Yale,2019,Boni,"Before his death at the hands of the archer twins, Tityus had a daughter Europa, who herself bore what son and Argonaut to Poseidon?",Euphemus
Yale,2019,Toss Up,"In Book 8 of the Aeneid, Turnus sends a herald to persuade what hero and founder of Argyripa to come to his aid?",Diomedes
Yale,2019,Boni,What seer did Turnus send to ask for Diomedes’ help?,Venulus
Yale,2019,Boni,"At the same time in the narrative of the Aeneid, Aeneas goes to Pallanteum, where the inhabitants are performing a sacred rite dedicated to what local hero, who rid the area of a great monster?",Hercules
Yale,2019,Toss Up,"Betrothed to the princess Clisithera, who seduced the Cretan queen at the suggestion of Nauplius, later killing her and his fiancée to seize the throne from his adoptive father Idomeneus?",Leucus
Yale,2019,Boni,"An alternate ending to Idomeneus’ return to Crete says that when his fleet was stranded in a storm, he vowed to do what?",Sacrifice the first person he sees when he gets home
Yale,2019,Boni,"True to his promise, Idomeneus followed it to the letter. Whom did Idomeneus end up sacrificing?",His son